{"algo":"PSO","maze_idx":41,"n_mazes":41,"episode":410,"episodes_total":410,"plan_means":[0.0,0.0,0.0,0.0,0.0,0.0,0.0,0.0,0.0,0.0,0.0,0.0,0.0,0.0,0.0,0.0,0.0,0.0,0.0,0.0,0.0,0.0,0.0,0.0,0.0,0.0,0.0,0.0,0.0,0.0,0.0,0.0,0.0,0.0,0.0,0.0,0.0,0.0,0.0,0.0,0.0,0.0,0.0,0.0,0.0,0.0,0.0,0.0,0.0,0.0,0.0,0.0,0.0,0.0,0.0,0.0,0.0,0.0,0.0,0.0,0.0,0.017941519300811108,0.0,0.0,0.0,0.0,0.0,0.0,0.0,0.0,0.0,0.0,0.1357080707547786,0.3766046615380858,0.23922428983960758,0.15034741252858438,0.05783064946717744,0.01756165854071478,0.0005634322121520886,0.0,0.0,0.0,0.0,0.0,0.0,0.0,0.0,0.0,0.0,0.0,0.0,0.16349239372361016,0.05193560918095629,0.19298611808695126,0.48580076578021997,0.27852439537584706,0.13308354659931565,0.26131835629358824,0.22169315120352043,0.0918496050917085,0.0,0.3753776625953029,0.5076436274445205,0.22601160976504506,0.20491410596627485,0.1328274775828764,0.09240385515062952,0.023507529556223875,0.0,0.0,0.0,0.07718296513469672,0.03165378769225704,0.020079989658337336,0.0,0.0,0.0,0.0,0.0,0.0,0.0,0.27695436735984585,0.18869753722633809,0.19774585473534068,0.2531310814405645,0.2592184624319889,0.4282490756484849,0.42345527231090074,0.4197377158896493,0.6070428759211365,0.9132663252562281,0.07424725145859717,0.22186412122489402,0.26770830665212736,0.3870390470332685,0.49618540854416954,0.3956860645568147,0.42109716222668153,0.418607377819338,0.3879627113262865,0.8700406469968893,0.4180359766392348,0.4644452484618271,0.370414257033144,0.32824224855140405,0.2768847768603271,0.18918067324403376,0.2815588119853738,0.23980480655079242,0.33939000378551126,0.31119014187900423,0.22329502945605031,0.11172912598302283,0.3542329336503938,0.3716815399023491,0.3720684041662719,0.22977689699100654,0.2822251154930576,0.18614577136159058,0.20145288987734267,0.2625508652929681,0.17299851072665498,0.23369588609368305,0.22369374880737045,0.14016523927864957,0.24725638815415646,0.37149828128736917,0.26199162039148177,0.21130907904578705,0.00012434418317681297,0.0,0.15607479143495004,0.21533909314335198,0.33105456290651336,0.2653485498971201,0.14419669270883356,0.21878738816721863,0.5100146916890668,0.32605394114907477,0.39373556663211406,0.3560213730139294,0.08015870657898898,0.42741592622324354,0.4062484810555658,0.30567692556352694,0.2082509793661054,0.33883689235885656,0.3556028201390565,0.38393038335756663,0.410149496147754,0.41642330765384544,0.10261933827135424,0.20440331106887485,0.2440762602540097,0.18026136069315152,0.2210629221622327,0.2076088108681709,0.29076930549532237,0.3785870934870788,0.30168169941943296,0.06025986341423995,0.3043994663347631,0.22043663511371678,0.18438906751582262,0.10631332565274351,0.06204041220652835,0.000405564237198612,0.0,0.0,0.0,0.0,0.14351647835204404,0.4598493627503549,0.3544687960233469,0.41769755238458356,0.2874161006093876,0.2939509697300667,0.22003891781313478,0.1669065659208766,0.09622288971130072,6.999764934532074e-06,0.08581535126364497,0.004230950721524495,0.19208499994616335,0.22752898944360272,0.34686147577093973,0.16079626507832961,0.16353162773485522,0.18214775072964895,0.0,0.0,0.2480895680587709,0.22367167472092506,0.19130313506076485,0.3371585792657957,0.12694954412546675,0.429896591999677,0.44962182925541583,0.4119517687134428,0.41771138970079635,0.8944837861239834,0.3305168685351455,0.2553722923577599,0.09454269711121126,0.10315934118786926,0.3000178265706484,0.2428041983744472,1.301722576065166e-07,0.0,0.0,0.0,0.156187393465011,0.10108642487822911,0.1598605006061134,0.32673726214969373,0.23006792813624002,0.24601962327864352,0.1921516816269536,0.11689586037337814,0.1347159894203909,0.02063544381061296,0.42810616948951513,0.14639920486565125,0.28353535692289644,0.260009272310739,0.4055184147498503,0.4213259101640399,0.233165962031656,0.21950421199612882,0.25315940541916937,0.13312007811502638,0.1311620488268715,0.21594021657854745,0.30830447235956965,0.3673844477691988,0.09027493308643655,0.2875906643929157,0.0,2.2446073889736128e-07,0.0,0.0,0.1796821703356235,0.21877590626014812,0.21768166394866859,0.24996683079121448,0.17221860147304163,0.19642992094667866,0.03935171052369216,0.0,0.0,0.0,0.2047156964602169,0.15843425108935244,0.46255882744142734,0.34124358765642476,0.37549040737245454,0.4089667432339286,0.42603408614000754,0.4545486564096384,0.2576301465414369,0.389857587122157,0.24699113228876377,0.21031773419595465,0.2983071682911122,0.47549048018633605,0.30651037212994325,0.1762779585399457,0.14820903746797048,0.2680008082651447,0.27010950452344923,0.19422922360444544,0.4038740286267293,0.30096450292563287,0.29908610845837247,0.4335692175626117,0.1392481121757566,0.39773782028024063,0.31385930978987747,0.37114934404965244,0.3227808282445464,0.16644475880394705,0.32363966858634724,0.4058267555669903,0.21471924513418103,0.34969526465242107,0.20002152130849093,0.1891206798697455,0.2959121340812544,0.18396879717805603,0.1675494651858279,0.0,0.36478686900325286,0.18149664407412125,0.43200035218186683,0.3401514925996716,0.37090072759691234,0.44356790254977,0.44836665723777375,0.2888164798370117,0.4171115704342006,0.42326701029627706,0.2989606029665091,0.40914975981519447,0.41060763539926304,0.17343906071474202,0.3693278703115182,0.3364535204130144,0.22709260223867436,0.33333997917831265,0.30456484138299245,0.9425995307624093,0.13830294716552152,0.27317159838196686,0.5067280193643716,0.36011319454445123,0.37418684142406505,0.38778514735030495,0.48399629089256846,0.480533897343944,0.45268139721224304,0.6163283739590859,0.16468630416172578,0.2091168840776552,0.278012588024592,0.22831374168291724,0.30291338511413113,0.2938982541628907,0.3735608016207573,0.3209629345851726,0.34899675867454105,0.6995604322481652,0.49675911899393105,0.37502515587409463,0.14459652721092217,0.22646335204246262,0.11324629457863453,0.24932975863825482,0.3217369457609099,0.2598293976744167,0.3859937100943822,0.0,0.33017762027072556,0.2101787074576992,0.3514387664663799,0.37561033460371374,0.2570088642204569,0.4013618866438432,0.3840713258603629,0.43400419945009855,0.38095475634739545,0.45325615888263254,0.15116812508322536,0.2665702214219994,0.18771289064535684,0.23902475232358988,0.45192408928838823,0.3441656621094817,0.37481271244630743,0.24311923991760678,0.26351982066280316],"train_successes":[0,0,0,0,0,0,0,0,0,0,0,0,0,0,0,0,0,0,0,0,0,0,0,0,0,0,0,0,0,0,0,0,0,0,0,0,0,0,0,0,0,0,0,0,0,0,0,0,0,0,0,0,0,0,0,0,0,0,0,0,0,1,0,0,0,0,0,0,0,0,0,0,0,0,0,0,0,0,0,0,0,0,0,0,0,0,0,0,0,0,0,1,0,0,1,1,1,1,1,1,0,0,0,0,0,0,0,0,0,0,0,0,0,0,0,0,0,0,0,0,0,1,1,0,0,1,1,1,1,1,0,0,0,1,1,1,1,1,1,1,0,0,0,0,1,1,1,1,1,1,1,0,0,1,1,1,1,1,1,1,1,0,0,0,0,0,0,1,1,0,0,0,0,1,0,0,0,1,1,1,0,0,1,0,0,1,1,1,1,1,1,0,0,0,0,1,1,1,1,1,0,0,0,0,0,0,0,0,0,0,0,0,0,0,1,1,1,1,1,1,0,0,0,0,0,1,1,1,1,0,0,0,0,0,1,0,1,1,1,1,0,0,0,0,0,1,1,0,0,0,0,0,0,0,1,1,1,1,1,1,0,0,0,1,1,1,1,1,1,1,1,0,0,0,1,0,1,0,0,0,0,0,0,1,1,1,1,1,0,0,0,0,0,1,1,1,1,1,1,1,1,0,0,1,1,1,0,1,1,1,1,0,1,0,1,0,1,1,1,1,1,0,0,0,0,0,0,1,1,1,0,0,0,1,1,1,1,1,1,1,1,0,0,0,0,1,1,1,1,1,0,0,0,1,1,1,1,1,1,1,1,0,0,0,0,1,1,1,1,1,0,0,0,0,0,0,0,1,1,1,0,0,0,0,1,1,1,1,1,1,1,0,0,0,0,1,1,1,1,1],