{"algo":"ROLLOUT","maze_idx":41,"n_mazes":41,"episode":410,"episodes_total":410,"plan_means":[0.0,0.001870863254922832,0.0,0.0,0.10184509655347014,0.0,0.0,0.0,0.0,0.0,0.0,0.0,0.0,0.0,0.0,0.0,0.0,0.0,0.0,0.0,0.0,0.0,0.0,0.0,0.0,0.0,0.0,0.0,0.0,0.0,0.0,0.1735608078009413,0.11816933466336355,0.47328971907778106,0.33082850043545786,0.16118963110505702,0.04690836829300025,0.03772980146854308,0.0005415495009622342,0.0,0.0,7.608875833111269e-06,1.713487362284541e-06,0.3386629165047496,0.19327088874172818,0.23458666230590403,0.3096776554603315,0.33386723367109755,0.44797055821105203,0.28060475858674555,0.06964411372335794,0.04713325715407552,0.4479449755360527,0.0177359315246174,0.283860971767507,0.4142860874257799,0.22331801704832688,0.26130931881799346,0.2247417303142413,0.25002687359900533,0.24687673713257383,0.5255959701344942,0.033872836457703684,0.2697987551378242,0.2670605176498711,0.36697338816748815,0.30478217869913066,0.3068773604259404,0.3622535634264395,0.35754173239478576,0.5485553462635734,0.25890996054961096,0.1809071610808014,0.17106511432807345,0.13411168779996654,0.42672586115308686,0.39477083556804937,0.37949190881287304,0.214189628514676,0.3987171217973921,0.38219298982883976,0.26388936781968475,0.26432298633742474,0.14312901655962607,0.22625754285100302,0.23156177441601353,0.19374153363804159,0.1979940481847322,0.49349554730061135,0.2851368403907816,0.0,0.1722632504574084,0.3642097822732319,0.2898240361023938,0.18705013471432272,0.08859696180606272,0.031436694866928946,0.3924311873688917,5.994040137515075e-06,0.0,0.0,0.42023912241675115,0.38904923535680846,0.38980549253167984,0.20343827651275082,0.3739528712090911,0.06353922008505739,0.0,0.0,0.0,0.0,0.2061087183823244,0.16254251016016555,0.3194943040542775,0.29939141270812386,0.1950642394797681,0.268487984609101,0.010245611788496253,0.0,0.0,0.0,0.20249162862649842,0.3465432173930227,0.21041270058524056,0.2842169040394471,0.3029914722422625,0.134828040095115,0.3364406759545374,0.38164196289741686,0.20040815248035967,0.10773607316928022,0.29130297555120654,0.30065491790190313,0.34621296726835193,0.3698649535821948,0.23932931574958433,0.24358536551013837,0.4142887584077907,0.3058595477437215,0.2029575640274013,0.11545993503750798,0.3469772825302165,0.3240685134272761,0.30756659402646314,0.24040651757991838,0.20709653957454902,0.2561122842315566,0.2317336109181342,0.2878328890415476,0.4032491608015987,0.618229846962156,0.34826772252429966,0.3543132644959486,0.17068417900374186,0.3328192769134091,0.5188997674636358,0.27476524436565775,0.3532900052936579,0.3084644958744701,0.2837158863090129,0.3320598104302168,0.14490707061129668,0.3292080899362258,0.33591588790670124,0.3140454769228901,0.1247171700521631,0.029742158676943808,0.355620519200095,0.3783855870456206,0.33517848244462484,0.15633347240587123,0.14881447866594213,0.3213463518940997,0.213529773716249,0.14406493616059193,0.2357131222183071,0.2812304037596609,0.3690680727317126,0.35809150425669617,0.391700682075862,0.18712895473695754,0.2152721942043504,0.34460863901753547,0.2690280965140521,0.3220614495678628,0.36500022191589615,0.3179267004494119,0.43610890868703406,0.39992089381768714,0.29711012411609194,0.29749748929288145,0.1918608920299186,0.24051600619443983,0.15790471699401146,0.09053345010522316,0.1663336189095006,0.24438045964009789,0.3327962993174888,0.2704675587620708,0.5213537631689033,0.0007981750975526558,0.20609298972512188,0.2743491299649049,0.09486120746928106,0.2717858969241906,0.16706373916067227,0.1452063574524564,1.8401291910974948e-06,0.0,0.0,0.0,0.45819156495283186,0.3116108134832218,0.21399964193781312,0.37705382780572105,0.22620264459749062,0.15957334763982028,0.2143860839014395,0.0007572354679060896,0.0,0.0,0.15708559470730443,0.23774723572375897,0.24591590684778822,0.15522527462730018,0.25028419820808323,0.24986525972971563,0.31869246175482163,0.3340146301306156,0.0,0.0,0.21498150784498152,0.2484616364193974,0.48215777690213607,0.46838162871365907,0.21582715637571445,0.1292337618273202,0.31139626429968414,0.3376891388578943,0.44823367538928516,0.4177685835669111,0.2574929717845824,0.23698788010852667,0.2459291836241101,0.0929039084775268,0.049436152035911056,0.11627218551984433,0.0,0.0,0.0,0.0,0.14712940152539622,0.10547300670359057,0.43929263425245685,0.34773780435542834,0.3351522628476495,0.24507550158016672,0.20606075945392155,0.23460516178685353,0.2628703088703145,0.2666469858935587,0.21714976569275854,0.34274893680499535,0.29177021321728885,0.4014758641592774,0.22314638300251366,0.13656789566894365,0.2840851346222799,0.27821495252805867,0.12642424216114098,6.568802874412566e-05,0.3338093120318874,0.1619214553182339,0.46730790059851474,0.3117795530360019,0.2768895751685624,0.23925576203194263,0.21370465090454585,0.14717360936266125,0.17090552846694182,0.0,0.07188158551324095,0.28341418635938426,0.1068640948184404,0.23357898672250627,0.2908157854936361,0.24732955711021493,0.21441180456403636,0.29472046442048366,0.46150554218246675,0.35542769819911535,0.24049457231991528,0.3216963392609678,0.20251986905625788,0.41640447488118554,0.3108237479452874,0.2998180455245219,0.40597449375317035,0.2766472031242821,0.32624164082002866,0.311708356256008,0.238018079882443,0.2685651251668026,0.2889243755992307,0.44238505136413764,0.29532923840780057,0.3939078956291608,0.37918449863799486,0.503152755336806,0.19816610074916802,0.43570709720425743,0.41276011705114307,0.35804427424963686,0.39408537957148015,0.2565821680107008,0.36417800373487375,0.2984929538381225,0.3224170735555443,0.15073310341270846,0.24204556066738891,0.0146740877925251,0.3426412460737544,0.4165651233461027,0.316310719425803,0.19647369568302916,0.21158411854668693,0.13589023068319944,0.18627522231621554,0.008619189089837848,0.0,0.0,0.38765329112502767,0.22778405073680352,0.23266111868277467,0.38652380637390626,0.3183407207490943,0.37750705386450895,0.2846781828056237,0.35704300985743637,0.38195104956555237,0.4510279334684365,0.3751585357555255,0.3786609879233481,0.2694318386680396,0.41919461568661426,0.2868982451591347,0.26715068904749456,0.18849412043623764,0.23221054997255497,0.3079520708525408,0.9513485064730172,0.2982964282447707,0.3986682542948464,0.3832342926140946,0.27470825919752206,0.3520681774486488,0.5125715035376429,0.48773129754789984,0.31054489286349324,0.4081746192875803,0.3869220754779937,0.20357342785995883,0.35911319070530706,0.3998610039078323,0.3299118435667093,0.20169723182005175,0.23454693932256054,0.22671051944670298,0.2253781243543943,0.31756680014781447,0.3612760532390368,0.5184601095882233,0.44070772918276496,0.3064371546064325,0.28801582584955815,0.08786238527648525,0.21790219461332014,0.3060011599093555,0.2896245253718772,0.29191511005463694,0.0002832127605820537,0.29766714213215795,0.4295351594109041,0.3944757335830712,0.1525426401600063,0.37631160619604737,0.13570631110990378,0.3536462137323776,0.3364525385597624,0.1543257049290367,0.19389803208176523,0.2937063627505435,0.45194094067474316,0.176304312849356,0.23529521776808834,0.40857514177917825,0.2660035570843321,0.3765826317135862,0.34972094633026235,0.3692600594780318],"train_successes":[0,0,0,0,1,0,0,0,0,0,0,0,0,0,0,0,0,0,0,0,0,0,0,0,0,0,0,0,0,0,0,0,0,0,0,0,0,0,0,0,0,0,0,0,1,1,1,1,1,1,0,0,0,0,1,1,1,1,1,1,0,1,0,0,1,1,1,1,1,1,1,0,0,0,1,1,0,1,1,1,0,0,0,0,0,0,0,1,1,1,0,0,0,0,0,0,0,1,0,0,0,0,0,0,0,1,0,0,0,0,0,0,0,0,0,1,1,0,0,0,0,0,0,0,1,1,0,1,1,1,0,0,1,0,1,1,1,1,1,1,0,1,0,0,0,0,1,1,1,1,1,0,1,0,1,1,1,1,1,1,1,0,0,0,1,0,0,1,1,1,0,0,0,0,0,0,1,1,1,1,0,0,1,1,1,1,1,1,1,1,1,0,0,0,0,0,1,1,1,1,0,0,0,0,1,1,1,0,0,0,0,0,0,0,1,1,1,1,0,0,0,0,0,0,0,1,1,1,1,0,0,0,0,1,1,0,0,1,1,1,1,0,0,0,0,0,0,0,0,0,0,0,0,1,1,1,1,1,1,1,1,0,0,1,1,1,1,1,1,1,0,0,0,1,1,1,1,1,1,1,0,0,0,0,1,1,1,1,1,1,1,0,0,0,1,1,1,1,1,1,1,0,0,0,1,1,1,1,1,1,1,1,1,0,0,1,1,1,1,1,0,0,0,0,0,0,0,1,0,0,0,0,0,0,1,1,1,1,1,1,1,0,0,0,0,1,1,1,1,1,0,1,1,1,1,1,1,1,1,1,1,0,0,1,1,1,1,1,1,1,1,0,0,0,1,0,1,1,1,1,0,0,0,1,0,1,1,1,1,1,1,0,0,0,1,1,1,1,1,1],