{"algo":"TDL","maze_idx":104,"n_mazes":125,"episode":1038,"episodes_total":1250,"plan_means":[0.0,0.0,0.0,0.0,0.0,2.870243269898853e-07,0.0,0.0,0.0,0.0,0.0,0.0,0.0,1.0729704593156558e-06,0.0,0.0,0.0,0.0,0.0,0.0,0.0,0.0,0.0,0.0,0.00013764874615365303,0.0,0.0,0.0,0.0,0.0,0.0,0.0,0.0,0.0,0.0,0.0,0.0,0.0020165337440407383,0.0,0.0,0.0,0.0,0.0,0.0002824516114681602,0.0010435978933380386,4.2503487410764915e-14,0.0,0.0,0.0,0.0,0.0,0.0,0.0,1.6359031287912143e-10,0.0,0.0,0.0,0.0,0.0,0.0,0.0,0.0,0.0,0.0,0.0,0.0,0.0,0.0,0.0,0.0,0.0,0.0,0.0,9.393283497826208e-12,0.0,0.0,0.0,0.0,0.0,0.0,0.0,0.0,0.0,0.0,0.0,0.0,0.0,0.0009503618251105407,0.0,0.0,0.0,0.0,0.0,0.0,0.0,0.0,0.0,0.0,0.0,0.0,0.0,0.0,0.0,7.739886481119691e-12,0.0,0.0,0.0,0.0,0.0,0.0,0.0,0.0,0.0,0.0,0.004698062611944616,0.0,0.0,0.0,0.0,0.0,0.0,0.0,0.0,0.00026114949511928603,0.0,0.0,0.0,0.0,0.0,0.0,0.0,0.0,0.0,0.0,0.0,0.0,0.0,0.0,0.0,0.0,0.0,0.0,0.0,0.007491056776350233,0.0,9.287268568659996e-14,0.0,0.0,0.0,0.0,0.0,0.0,0.0,0.012128753743236121,0.0,1.1461808924233632e-09,0.0,9.7879290139957e-05,0.0,0.0,0.0,0.0,0.0,0.005310711707839046,0.0018039671922874874,0.0,0.0,0.0,0.0,0.0,0.0,0.0,0.0,0.0,0.0,0.0,9.145395178768891e-09,0.0,0.0,0.0,0.0,0.0,0.0,0.0,2.660992601418973e-05,0.0012021713917715821,0.0,0.0,0.0,0.0,0.0,0.0,0.0,0.0,0.0,0.0,0.0,0.0,0.0,0.0,0.0,0.0,0.0,0.0,4.784339197229736e-05,0.0,0.0,0.0,0.0,0.0,0.0,0.0,0.0,8.916103885817353e-06,0.0,7.026445371775408e-08,0.0,0.0,0.0,0.0,0.0,0.0,0.0,0.0,0.0,0.00011180644013655281,0.0,0.0,0.0,0.0,0.0,0.0,0.0,0.0,7.343541418920271e-07,0.0,0.0,0.0,0.0,0.0,0.0,0.0,0.0,0.0,9.075918974007014e-13,0.0,0.0,0.0,0.0,0.0,0.0,0.0,0.0,0.0,0.0,0.0,0.0,0.0,0.0,0.0,0.0,0.0,0.0,0.0,0.0,0.0,0.0,0.0,0.0,0.0,0.0,0.0,0.0,0.0,0.0,0.0,0.0,0.0,0.0,0.0,0.0,0.0,0.0,0.0,0.0,0.0,0.0,0.0,0.0,0.0,0.0,0.0,0.0,0.0,0.0,0.0,0.0,0.0,0.0,0.0,0.0,0.0,0.0,0.0017877049530974692,0.0,0.0,2.5192495669318924e-08,0.0,0.0,0.0,0.0,0.0,0.0,0.0027232919418475453,0.0,0.0,0.0,0.0,0.0,0.0,0.0,0.0,0.0,1.146638880647662e-06,7.22067658112006e-12,0.0,0.0,0.0,0.0,0.0,0.0,0.0,0.0,0.0,0.0,0.0,0.0,0.0,0.0,0.0,0.0,0.0,0.0,0.0006880380933124518,0.0,0.0,0.0,0.0,0.0,0.0,0.0,0.0,0.0,3.840235641100658e-13,4.1238792037273685e-05,0.0,0.0,0.0,0.0,0.0,0.0,0.0,0.0,0.0,0.0,0.0,0.0,0.0,0.0,0.0,0.0,0.0,0.0,0.0,0.0,0.0,0.0,0.0,0.0,0.0,0.0,0.0,0.0,0.0,0.0,0.017042590683618405,0.0,0.0,0.0,0.0,0.0,0.0,0.0,0.0021808950068733326,0.023386683930484722,0.0007392487897406301,0.0,0.0,0.0,0.0],"train_successes":[0,0,0,0,0,0,0,0,0,0,0,0,0,0,0,0,0,0,0,0,0,0,0,0,1,0,0,0,0,0,0,0,0,0,0,0,0,1,0,0,0,0,0,1,1,0,0,0,0,0,0,0,0,0,0,0,0,0,0,0,0,0,0,0,0,0,0,0,0,0,0,0,0,0,0,0,0,0,0,0,0,0,0,0,0,0,0,1,0,0,0,0,0,0,0,0,0,0,0,0,0,0,0,0,0,0,0,0,0,0,0,0,0,0,0,0,0,0,0,0,0,0,0,0,0,0,0,0,0,0,0,0,0,0,0,0,0,0,0,0,0,0,0,1,0,0,0,0,0,0,0,0,0,1,0,0,0,0,0,0,0,0,0,0,0,0,0,0,0,0,0,0,0,0,0,0,0,0,0,0,0,0,0,0,0,0,0,0,0,0,0,0,0,0,0,0,0,0,0,0,0,0,0,0,0,0,0,0,0,0,0,0,0,0,0,0,0,0,0,0,0,0,0,0,0,0,0,0,0,0,0,0,0,0,0,0,0,0,0,0,0,0,0,0,0,0,0,0,0,0,0,0,0,0,0,0,0,0,0,0,0,0,0,0,0,0,0,0,0,0,0,0,0,0,0,0,0,0,0,0,0,0,0,0,0,0,0,0,0,0,0,0,0,0,0,0,0,0,0,0,0,0,0,1,0,0,0,0,0,0,0,0,0,1,0,0,0,0,0,0,0,0,0,0,0,0,0,0,0,0,0,0,0,0,0,0,0,0,0,0,0,0,0,1,0,0,0,0,0,0,0,0,0,0,0,0,0,0,0,0,0,0,0,0,0,0,0,0,0,0,0,0,0,0,0,0,0,0,0,0,0,0,0,0,0,1,0,0,0,0,0,0,0,0,0,0,0,0,0,0],"train_steps":[5000,5000,5000,5000,5000,5000,5000,5000,5000,5000,5000,5000,5000,5000,5000,5000,5000,5000,5000,5000,5000,5000,5000,5000,4627,5000,5000,5000,5000,5000,5000,5000,5000,5000,5000,5000,5000,1731,5000,5000,5000,5000,5000,4935,2289,5000,5000,5000,5000,5000,5000,5000,5000,5000,5000,5000,5000,5000,5000,5000,5000,5000,5000,5000,5000,5000,5000,5000,5000,5000,5000,5000,5000,5000,5000,5000,5000,5000,5000,5000,5000,5000,5000,5000,5000,5000,5000,4424,5000,5000,5000,5000,5000,5000,5000,5000,5000,5000,5000,5000,5000,5000,5000,5000,5000,5000,5000,5000,5000,5000,5000,5000,5000,5000,5000,5000,5000,5000,5000,5000,5000,5000,5000,5000,5000,5000,5000,5000,5000,5000,5000,5000,5000,5000,5000,5000,5000,5000,5000,5000,5000,5000,5000,3265,5000,5000,5000,5000,5000,5000,5000,5000,5000,3498,5000,5000,5000,5000,5000,5000,5000,5000,5000,5000,5000,5000,5000,5000,5000,5000,5000,5000,5000,5000,5000,5000,5000,5000,5000,5000,5000,5000,5000,5000,5000,5000,5000,5000,5000,5000,5000,5000,5000,5000,5000,5000,5000,5000,5000,5000,5000,5000,5000,5000,5000,5000,5000,5000,5000,5000,5000,5000,5000,5000,5000,5000,5000,5000,5000,5000,5000,5000,5000,5000,5000,5000,5000,5000,5000,5000,5000,5000,5000,5000,5000,5000,5000,5000,5000,5000,5000,5000,5000,5000,5000,5000,5000,5000,5000,5000,5000,5000,5000,5000,5000,5000,5000,5000,5000,5000,5000,5000,5000,5000,5000,5000,5000,5000,5000,5000,5000,5000,5000,5000,5000,5000,5000,5000,5000,5000,5000,5000,5000,5000,5000,5000,5000,5000,5000,5000,5000,5000,5000,5000,5000,5000,5000,5000,5000,5000,5000,5000,5000,2174,5000,5000,5000,5000,5000,5000,5000,5000,5000,4670,5000,5000,5000,5000,5000,5000,5000,5000,5000,5000,5000,5000,5000,5000,5000,5000,5000,5000,5000,5000,5000,5000,5000,5000,5000,5000,5000,5000,5000,4506,5000,5000,5000,5000,5000,5000,5000,5000,5000,5000,5000,5000,5000,5000,5000,5000,5000,5000,5000,5000,5000,5000,5000,5000,5000,5000,5000,5000,5000,5000,5000,5000,5000,5000,5000,5000,5000,5000,5000,5000,5000,1203,5000,5000,5000,5000,5000,5000,5000,5000,5000,5000,5000,5000,5000,5000],"v_grid":[[0.0,0.0,0.0,0.0,0.0,0.0,0.0,0.0,0.0,0.0,0.0,0.0,0.0,0.0,0.0,0.0,0.0,0.0,0.0,0.0],[0.0,0.0,0.0,0.0,0.0,0.0,0.0,0.0,0.0,0.0,0.0,0.0,0.0,0.0,0.0,0.0,0.0,0.0,0.0,0.0],[0.0,0.0,0.0,0.0,0.0,0.0,0.0,0.0,0.0,0.0,0.0,0.0,0.0,0.0,0.0,0.0,0.0,0.0,0.0,0.0],[0.0,0.0,0.0,0.0,0.0,0.0,0.0,0.0,0.0,0.0,0.0,0.0,0.0,0.0,0.0,0.0,0.0,0.0,0.0,0.0],[0.0,0.0,0.0,0.0,0.0,0.0,0.0,0.0,0.0,0.0,0.0,0.0,0.0,0.0,0.0,0.0,0.0,0.0,0.0,0.0],[0.0,0.0,0.0,0.0,0.0,0.0,0.0,0.0,0.0,0.0,0.0,0.0,0.0,0.0,0.0,0.0,0.0,0.0,0.0,0.0],[0.0,0.0,0.0,0.0,0.0,0.0,0.0,0.0,0.0,0.0,0.0,0.0,0.0,0.0,0.0,0.0,0.0,0.0,0.0,0.0],[0.0,0.0,0.0,0.0,0.0,0.0,0.0,0.0,0.0,0.0,0.0,0.0,0.0,0.0,0.0,0.0,0.0,0.0,0.0,0.0],[0.0,0.0,0.0,0.0,0.0,0.0,0.0,0.0,0.0,0.0,0.0,0.0,0.0,0.0,0.0,0.0,0.0,0.0,0.0,0.0],[0.0,0.0,0.0,0.0,0.0,0.0,0.0,0.0,0.0,0.0,0.0,0.0,0.0,0.0,0.0,0.0,0.0,0.0,0.0,0.0],[0.0,0.0,0.0,0.0,0.0,0.0,0.0,0.0,0.0,0.0,0.0,0.0,0.0,0.0,0.0,0.0,0.0,0.0,0.0,0.0],[0.0,0.0,0.0,0.0,0.0,0.0,0.0,0.0,0.0,0.0,0.0,0.0,0.0,0.0,0.0,0.0,0.0,0.0002,0.0003,0.0034],[0.0,0.0,0.0,0.0,0.0,0.0,0.0,0.0,0.0,0.0,0.0,0.0,0.0,0.0,0.0,0.0,0.0,0.0,0.0003,0.0122],[0.0,0.0,0.0,0.0,0.0,0.0,0.0,0.0,0.0,0.0,0.0,0.0,0.0,0.0,0.0,0.0,0.0,0.0,0.0,0.0233],[0.0,0.0,0.0,0.0,0.0,0.0,0.0,0.0,0.0,0.0,0.0,0.0,0.0,0.0,0.0,0.0,0.0006,0.0101,0.0396,0.1133],[0.0,0.0,0.0,0.0,0.0,0.0,0.0,0.0,0.0,0.0,0.0,0.0,0.0,0.0,0.0,0.0057,0.0017,0.0202,0.0689,0.1378],[0.0,0.0,0.0,0.0,0.0,0.0,0.0,0.0,0.0,0.0,0.0,0.0,0.0,0.0,0.0,0.0055,0.0252,0.0202,0.0212,0.1778],[0.0,0.0,0.0,0.0,0.0,0.0,0.0,0.0,0.0,0.0,0.0,0.0,0.0,0.0,0.0122,0.0097,0.0158,0.0167,0.1443,0.1708],[0.0,0.0,0.0,0.0,0.0,0.0,0.0,0.0,0.0,0.0,0.0,0.0001,0.0,0.0041,0.0248,0.016,0.1126,0.0189,0.0,0.6534],[0.0,0.0,0.0,0.0,0.0,0.0,0.0,0.0,0.0,0.0,0.0,0.0004,0.0012,0.0058,0.0118,0.0127,0.0169,0.0189,0.6784,0.0]],"free_grid":[[1,1,1,1,1,0,1,1,1,1,1,1,1,1,1,1,1,1,1,1],[0,0,0,0,1,0,1,0,0,0,0,1,0,0,0,0,0,0,0,1],[1,1,1,1,1,0,1,1,1,1,0,1,0,1,1,1,1,1,0,1],[1,0,1,0,0,0,0,0,0,1,0,1,0,1,0,1,0,1,0,1],[1,0,1,0,1,1,1,0,0,1,0,1,0,1,0,1,0,1,0,1],[1,0,0,0,1,0,1,0,0,1,0,1,0,1,0,1,0,0,0,1],[1,0,0,0,1,0,1,0,0,1,0,1,0,1,0,1,0,0,0,1],[1,0,1,1,1,0,1,1,1,1,0,1,0,1,0,1,0,1,1,1],[1,0,1,0,0,0,0,0,0,0,0,1,0,0,0,1,0,1,0,0],[1,1,1,0,1,1,1,1,1,1,0,1,1,1,0,1,0,1,1,1],[1,0,0,0,1,0,0,0,0,1,0,0,0,1,0,1,0,0,0,1],[1,1,1,0,1,0,1,1,1,1,0,1,0,1,0,1,1,1,1,1],[0,0,1,0,1,0,1,0,0,0,0,1,0,1,0,0,0,0,0,0],[1,0,1,1,1,0,1,0,0,1,1,1,0,1,1,1,1,1,1,1],[1,0,0,0,0,0,1,0,0,0,0,1,0,0,0,0,0,0,0,1],[1,1,1,1,1,0,1,1,1,1,1,1,1,1,1,1,0,1,0,1],[1,0,0,0,1,0,0,0,0,0,0,0,0,0,0,1,0,1,0,1],[1,0,1,1,1,0,1,1,1,1,1,1,1,1,0,1,1,1,0,1],[1,0,0,0,0,0,1,0,0,0,0,1,0,0,0,0,0,1,0,1],[1,1,1,1,1,1,1,1,1,1,0,1,1,1,1,1,1,1,0,1]],"goal":[19,19],"start":[0,0],"ts":"21:41:00"}