{"algo":"GA","maze_idx":33,"n_mazes":41,"episode":329,"episodes_total":410,"plan_means":[0.0,0.0,0.0,0.0,0.0,0.0,0.0,0.0,0.0,0.0,0.0018301426192286058,0.0,0.0,0.10079045116882841,0.0,0.0,0.0,0.0,0.0,0.0,0.0,0.0,0.0,0.0,0.0,0.0,0.0,0.0,0.0,0.0,0.0,0.0,0.0,0.0,0.0,0.0,0.0,0.0,0.0,0.0,0.14527283684397083,0.045827802765382,0.04468470031678894,0.3301172549473545,0.3358503835240071,0.16865324576923202,0.09004083221418585,0.010249809436625167,0.0,0.0,1.0056543102607762e-05,1.0003100659145622e-06,0.001486496389846572,0.28142086075747885,0.00012025692637118002,0.062433586469784294,0.0,0.0,0.0,0.0,0.14319777185847077,0.0,0.0,0.0,0.0,0.0,0.0,0.0,0.0,0.0,0.15827411141418585,0.22274480174288433,0.2617928441418351,0.4513450370358485,0.41122475331424657,0.3389341417797082,0.3652475561251948,0.35375658876894417,0.3561683486538035,0.423385943174826,0.46692432543691265,0.3653901919021917,0.3707623054693517,0.2405695125039617,0.15870020332083823,0.23216074562051842,0.13298621431209393,0.029053052583664776,0.001065231181453252,0.0,0.16693367074035095,0.23333757508520056,0.17038159882088602,0.4030505763781431,0.21694389176138623,0.04998948155068377,0.20998683971430307,0.39178643858785694,0.28921266146191554,0.061684652499959476,0.30220264237027816,0.30789394074787263,0.463727374495253,0.3357896380917492,0.29118043411999545,0.15500575830488897,0.23607326082014182,0.1785851337497203,0.24245362718459706,0.24718703623192104,0.5314146230970986,0.31028462646936167,0.12565464620668015,0.07164220759156445,0.24451171834670057,0.1058935349251177,0.0037604148709011,0.0,0.0,0.0,0.19220384766823875,0.06453897941191433,0.17004508908878482,0.09103363935954928,0.29310219121518116,0.20325979819303158,0.003372363856292402,0.0,0.0,0.0,0.08682583212252111,0.3531852287631451,0.3720680330303784,0.24510463211787384,0.345497180806975,0.3314784668679731,0.3049104290966731,0.3682459423508381,0.3830963947422565,0.35258060354714166,0.2767167675144958,0.4158765451435144,0.37146359468239004,0.2909068855465333,0.4757349698449144,0.2748939165994971,0.4261480079117457,0.3047564512012324,0.21054765805975081,0.10681204461423727,0.460397997695073,0.3987490366714987,0.45094522608221377,0.2911034554221278,0.3187003245676026,0.3317478012495545,0.24931130604302368,0.34520539746106704,0.28680589425597325,0.4128845853477358,0.31503807877298556,0.2455392107834918,0.3930275027480883,0.28154667522277305,0.3124857633699211,0.2427822496291825,0.3555052376195123,0.3094177929175085,0.2892922425822067,0.2565816858604814,0.27183626490932394,0.2869968989562695,0.2316096992434972,0.21872194198315484,0.07331827116878646,0.016683530352178875,0.2881355604041498,0.3038997789686842,0.25623642685816067,0.00196912395893575,0.26886733463153856,0.28846531051664176,0.358913794925099,0.3875769475662274,0.32738463116016153,0.24594227319996154,0.28472849979260045,0.3998933887451492,0.3377495121341103,0.2467343845861113,0.24877324826162295,0.17188484535275889,0.4992884778963916,0.4381363056823332,0.29164097870170763,0.18654980764980655,0.17624818316832302,0.3557880019693572,0.3422390191778018,0.30517807118767143,0.1922786641307461,0.13243593988852148,0.06585566324989939,0.283350099451442,0.06923156032542252,0.08234450997355533,0.43735443691504367,0.3990630664833556,0.39019309449953254,0.32207633299074384,0.21433428350525124,0.0983180998998214,0.16094102601519153,0.19858909171843003,0.11783965675655389,0.16869497723540433,0.06323251021505406,0.19663610958462635,0.12663727986391426,0.00027848624508628887,0.23007940659606496,0.38666443641663734,0.4168062701941198,0.5023307288138374,0.37359892504510467,0.30004165481164935,0.20991715592240673,0.1530548705555444,0.16127919592676979,1.3734143951821728e-05,0.2822826237226775,0.22589371899877814,0.1398544152677669,0.06943101204272957,0.1766934747416372,0.2832539653233587,0.0,0.0,0.0,0.0,0.28534654370465395,0.5378138558592351,0.24760073618167144,0.41843422706347844,0.31895883306852035,0.41674384823344074,0.3242629090174171,0.4314184716751753,0.5268303183390431,0.4557137418950296,0.29803139936654316,0.30262163437543343,0.19308638342869225,0.20311359754613986,0.1437411513176281,0.0282210043244805,0.0,0.0,0.0,0.0,0.2159981024574287,0.12141507222053079,0.24441032417035666,0.2138365273745207,0.3412710119882203,0.22571014841761883,0.23204411115237836,0.13050129254707857,0.2331424689735017,0.026291370604783138,0.2708895365097499,0.16304523803283633,0.4141277371421212,0.3074736620061639,0.26538987747941206,0.3439985335682197,0.3766208208240006,0.3557105574083918,0.3365720740406181,0.36789340532059217,0.328390258564429,0.28588182719248967,0.10597681029622888,0.1961543441780192,0.3381839280285706,0.2052027025264543,0.14921576205596643,5.7111199063741635e-06,4.552341954356217e-06,3.3107941486227034e-07,0.15572172315384014,0.06395714944273843,0.12329992117571871,0.25489818262572245,0.21903561530872034,0.10983605185822128,0.14328716367582459,0.0,0.0,0.0,0.25413739954099895,0.3775640811205002,0.24794628911113387,0.3117499097640315,0.22442747438331942,0.3926139996017948,0.38853009624611934,0.3934547119199567,0.3479894644260485,0.8315995997219582,0.2809286649443672,0.3144481777591115,0.1686231087354773,0.19529923393019544,0.20810259000728218,0.45892104912160836,0.4105037265665231,0.37091658037062963,0.29453547590122003,0.29168331373721473,0.2869017551298462,0.27977376382858976,0.12137993317945847,0.49118131005375754,0.2892783246199021,0.19403133207395684,0.16309389567679958,0.27437927708859916],"train_successes":[0,0,0,0,0,0,0,0,0,0,0,0,0,1,0,0,0,0,0,0,0,0,0,0,0,0,0,0,0,0,0,0,0,0,0,0,0,0,0,0,0,0,0,0,0,0,0,0,0,0,0,0,0,1,0,0,0,0,0,0,1,0,0,0,0,0,0,0,0,0,0,1,1,1,1,1,1,1,1,1,0,0,0,0,0,1,1,0,0,0,0,0,0,1,1,0,1,1,1,0,0,0,1,0,1,0,1,1,1,1,0,0,0,0,0,0,0,0,0,0,0,0,0,0,1,1,0,0,0,0,0,0,0,0,1,1,1,1,1,1,1,1,1,0,1,1,1,1,1,0,0,0,0,0,0,1,1,1,1,1,0,0,1,1,1,1,1,1,1,1,0,0,0,0,0,0,0,1,1,0,0,0,1,0,0,0,1,1,1,0,0,0,1,1,1,1,1,1,1,1,0,0,0,0,0,0,1,1,1,0,0,0,0,1,1,1,1,1,1,0,0,0,1,0,1,1,1,1,1,0,0,0,0,0,1,1,0,0,0,0,0,1,0,1,1,1,1,1,1,1,0,0,0,0,0,0,0,0,0,0,0,0,1,1,1,1,1,1,1,0,0,0,1,1,1,1,1,1,1,1,0,0,0,1,1,1,1,0,0,0,0,0,0,0,1,1,1,0,0,0,0,0,0,1,1,1,1,1,1,1,0,0,0,0,1,1,1,1,1,1,0,0,0,1,1,1,1,1],"train_steps":[5000,5000,5000,5000,5000,5000,5000,5000,5000,5000,5000,5000,5000,2862,5000,5000,5000,5000,5000,5000,5000,5000,5000,5000,5000,5000,5000,5000,5000,5000,5000,5000,5000,5000,5000,5000,5000,5000,5000,5000,5000,5000,5000,5000,5000,5000,5000,5000,5000,5000,5000,5000,5000,4506,5000,5000,5000,5000,5000,5000,4798,5000,5000,5000,5000,5000,5000,5000,5000,5000,5000,4530,1710,4006,1728,1853,470,221,196,137,5000,5000,5000,5000,5000,2908,2601,5000,5000,5000,5000,5000,5000,4145,3671,5000,1317,780,975,5000,5000,5000,2359,5000,3843,5000,1093,1309,582,433,5000,5000,5000,5000,5000,5000,5000,5000,5000,5000,5000,5000,5000,5000,4945,2155,5000,5000,5000,5000,5000,5000,5000,5000,1907,1295,578,443,343,1836,790,2061,3672,5000,1287,1477,324,309,475,5000,5000,5000,5000,5000,5000,1288,1127,385,250,1362,5000,5000,3498,2190,2730,1548,509,360,346,385,5000,5000,5000,5000,5000,5000,5000,2389,2614,5000,5000,5000,1463,5000,5000,5000,696,349,372,5000,5000,5000,2112,2423,3302,3284,1296,263,159,115,5000,5000,5000,5000,5000,5000,2159,347,336,5000,5000,5000,5000,3619,4850,2069,4159,883,1626,5000,5000,5000,3307,5000,2989,4013,872,1050,1170,5000,5000,5000,5000,5000,3180,2525,5000,5000,5000,5000,5000,1361,5000,1794,1925,1477,330,140,125,90,5000,5000,5000,5000,5000,5000,5000,5000,5000,5000,5000,5000,2560,4080,1857,2167,502,735,245,5000,5000,5000,4590,3392,2162,1215,296,261,182,166,5000,5000,5000,4201,4933,2041,981,5000,5000,5000,5000,5000,5000,5000,3657,4069,2432,5000,5000,5000,5000,5000,5000,1407,1176,1368,500,219,199,741,5000,5000,5000,5000,3441,1929,790,732,919,1054,5000,5000,5000,2188,2910,4234,931,366],