{"algo":"ABC","maze_idx":20,"n_mazes":41,"episode":194,"episodes_total":410,"plan_means":[0.0,0.0,0.0,0.0,0.0,0.0,0.0,0.0,0.0,0.0,0.0,0.0,0.0,0.0,0.0,0.0,0.0,0.0,0.0,0.0,0.0,0.0,0.0,0.0,0.0,0.0,0.0,0.0,0.0,0.0,0.0,0.0,0.0,0.0,0.0,0.0,0.0,0.0,0.0,0.0,0.0,0.0,0.0,0.0,0.0,0.0,0.0,0.0,0.0,0.0,0.0,0.0,0.0,0.0,0.0,0.0,0.0,0.0,0.0,0.0,0.0,0.0,0.0,0.0,0.0,0.0,0.0,0.0,0.0,0.0,0.012645984886833559,0.0,0.0,0.0,0.0,0.0,0.0,0.0,0.0,0.0,0.0,0.10028049811876166,0.14903261373184062,0.27590067041526284,0.09549748019701422,0.0035861385357213544,0.00729527122328919,0.0,0.0,0.0,0.0,0.008943603561382345,0.0,0.0,0.0,0.0,0.0,0.0,0.0,0.0,0.07690237277212843,0.03819082921925178,0.0627926826593258,0.06149693714616941,0.0493627088245055,0.009029562142217987,0.0,0.0,0.0,0.0,0.41283206983049114,0.1362670501054518,0.12576499351076256,0.04790169642211411,0.0,0.0,0.0,0.0,0.0,0.0,0.004612596254849805,0.0017451936948730833,0.0,0.0,0.0,0.0,0.0,0.0,0.0,0.0,0.0035320829671236886,0.001285892403556306,0.0,0.0,0.0750599560964509,0.0,0.0,0.0,0.0,0.0,0.0021854815101579684,0.07442893653155062,0.23352434979903916,0.0,0.0,0.07103001252396166,0.0,0.0,0.0,0.0,0.4064906626310164,0.08239703217231886,0.17530610088675624,0.1964355422913999,0.20912819427524532,0.14839902271276864,0.19801496804802554,0.399247232964158,0.38858281956681223,0.30141987268387,0.056727247202086925,0.32904714197746787,0.24605487423136824,0.14705506024531673,0.27050430655737717,0.09472564414636964,0.07150907567372783,0.10627593570231192,0.0,0.0,0.07551753015647639,0.05093811358458786,0.20972118471138196,0.050694399146702124,0.21568807114712563,0.0034623678065813577,0.059768684570262964,4.769148916589166e-07,0.0,0.0,0.05952132127535487,0.16108296907442574,0.014795828677476868,0.14117867653441807,0.10826709892945859,0.037345671295060626,0.2473193654994641,0.2588390073310624,0.18269491473333513,0.0,0.04147469366368374,0.07003055639887844,0.28667986502816345],"train_successes":[0,0,0,0,0,0,0,0,0,0,0,0,0,0,0,0,0,0,0,0,0,0,0,0,0,0,0,0,0,0,0,0,0,0,0,0,0,0,0,0,0,0,0,0,0,0,0,0,0,0,0,0,0,0,0,0,0,0,0,0,0,0,0,0,0,0,0,0,0,0,1,0,0,0,0,0,0,0,0,0,0,0,0,0,0,0,0,0,0,0,0,0,0,0,0,0,0,0,0,0,1,0,0,0,0,0,0,0,0,0,0,0,0,0,0,0,0,0,0,0,0,0,0,0,0,0,0,0,0,0,0,0,0,0,0,0,0,0,0,0,0,1,1,0,0,1,0,0,0,0,0,0,0,1,0,0,1,1,1,0,0,1,1,1,1,1,1,1,0,0,0,0,0,0,0,0,0,0,0,0,0,0,0,0,1,0,1,1,1,0,0,0,0],"train_steps":[5000,5000,5000,5000,5000,5000,5000,5000,5000,5000,5000,5000,5000,5000,5000,5000,5000,5000,5000,5000,5000,5000,5000,5000,5000,5000,5000,5000,5000,5000,5000,5000,5000,5000,5000,5000,5000,5000,5000,5000,5000,5000,5000,5000,5000,5000,5000,5000,5000,5000,5000,5000,5000,5000,5000,5000,5000,5000,5000,5000,5000,5000,5000,5000,5000,5000,5000,5000,5000,5000,4567,5000,5000,5000,5000,5000,5000,5000,5000,5000,5000,5000,5000,5000,5000,5000,5000,5000,5000,5000,5000,5000,5000,5000,5000,5000,5000,5000,5000,5000,3626,5000,5000,5000,5000,5000,5000,5000,5000,5000,5000,5000,5000,5000,5000,5000,5000,5000,5000,5000,5000,5000,5000,5000,5000,5000,5000,5000,5000,5000,5000,5000,5000,5000,5000,5000,5000,5000,5000,5000,5000,1877,3236,5000,5000,3566,5000,5000,5000,5000,5000,5000,5000,3540,5000,5000,2575,652,493,5000,5000,3778,2259,2256,2332,3285,1368,617,5000,5000,5000,5000,5000,5000,5000,5000,5000,5000,5000,5000,5000,5000,5000,5000,4266,5000,2516,2189,1721,5000,5000,5000,5000],"v_grid":[[0.0337,0.0298,0.0256,0.0,0.0364,0.0383,0.0355,0.0309,0.024,0.0,0.0011,0.0001,0.0001,0.0,0.0,0.0,0.0,0.0,0.0,0.0],[0.0362,0.0,0.0279,0.0,0.0447,0.0,0.0,0.0,0.0222,0.0,0.0003,0.0,0.0013,0.0009,0.0003,0.0,0.0,0.0,0.0,0.0],[0.0425,0.0093,0.0365,0.0189,0.0504,0.006,0.0,0.0041,0.0077,0.0073,0.0061,0.0,0.0013,0.0012,0.0006,0.0,0.0,0.1642,0.1696,0.0],[0.0447,0.0,0.0,0.0,0.0,0.0,0.0,0.0,0.008,0.0,0.0,0.0,0.0055,0.0,0.0303,0.0,0.0,0.0293,0.0,0.0],[0.0526,0.0601,0.0694,0.0222,0.0002,0.0015,0.0002,0.0175,0.0029,0.0149,0.0063,0.0016,0.0008,0.0019,0.0049,0.1096,0.0,0.0,0.0,0.0],[0.0362,0.0,0.0852,0.0,0.0026,0.0,0.0,0.0,0.0054,0.0,0.0103,0.0,0.0207,0.0,0.0024,0.0,0.0,0.1799,0.0,0.272],[0.0405,0.0187,0.078,0.0392,0.0049,0.0,0.0,0.0027,0.0017,0.0056,0.0091,0.0166,0.0155,0.0386,0.0094,0.003,0.0125,0.0026,0.0133,0.0184],[0.0291,0.0,0.1021,0.0,0.0,0.0,0.0833,0.0,0.001,0.0,0.0016,0.0,0.0038,0.0,0.1,0.0,0.0984,0.0024,0.0,0.0085],[0.0262,0.0,0.092,0.1153,0.1133,0.1179,0.124,0.1081,0.0004,0.0,0.036,0.0278,0.0177,0.029,0.0775,0.0587,0.0491,0.3334,0.3139,0.0],[0.0175,0.0026,0.1634,0.003,0.1852,0.0,0.146,0.0066,0.0002,0.0,0.0786,0.0051,0.0422,0.0032,0.0662,0.0036,0.0482,0.0083,0.0096,0.0],[0.0198,0.016,0.0145,0.0,0.1695,0.16,0.1578,0.0,0.0,0.0,0.0,0.0403,0.0513,0.0602,0.0513,0.0649,0.0662,0.0101,0.0067,0.0],[0.2146,0.0,0.1415,0.0,0.1816,0.0,0.1427,0.0077,0.0,0.0302,0.0,0.0,0.0793,0.0074,0.0483,0.0132,0.0754,0.0,0.0,0.0],[0.2172,0.2245,0.2054,0.2024,0.1871,0.0,0.1493,0.0,0.1359,0.1391,0.1265,0.1123,0.1024,0.1058,0.0975,0.0869,0.0764,0.0,0.0,0.0],[0.241,0.0,0.0514,0.0,0.0,0.0084,0.0,0.0,0.1462,0.0319,0.0496,0.0407,0.0427,0.0246,0.04,0.0459,0.0,0.0294,0.0,0.8627],[0.2503,0.2657,0.2199,0.2208,0.2095,0.1826,0.1786,0.181,0.1556,0.0528,0.0536,0.2179,0.026,0.0368,0.0481,0.725,0.7585,0.7753,0.866,0.8709],[0.2557,0.0006,0.2696,0.0,0.0,0.0,0.0482,0.046,0.0,0.0552,0.0085,0.0582,0.5687,0.0525,0.0466,0.0528,0.7096,0.0528,0.0,0.9129],[0.2943,0.3301,0.3129,0.0729,0.4712,0.5612,0.5242,0.0,0.7608,0.6594,0.512,0.0291,0.0278,0.0267,0.0233,0.6825,0.716,0.7474,0.8674,0.9411],[0.0296,0.0001,0.3364,0.0,0.4584,0.0,0.5693,0.0256,0.5677,0.0671,0.4835,0.0491,0.0367,0.0,0.0168,0.0,0.7595,0.0,0.0,0.9668],[0.0416,0.0,0.348,0.0,0.4357,0.0,0.5812,0.0,0.7736,0.0,0.4845,0.0,0.0348,0.45,0.0174,0.5139,0.7112,0.0,0.0,0.9777],[0.3811,0.3809,0.3947,0.4057,0.4301,0.5579,0.6122,0.6095,0.6884,0.7403,0.7187,0.7318,0.7467,0.812,0.8918,0.8871,0.9008,1.0,0.8366,0.0]],"free_grid":[[1,1,1,0,1,1,1,1,1,0,1,1,1,1,1,0,1,1,1,1],[1,0,1,0,1,0,0,0,1,0,1,0,0,0,0,0,1,0,0,1],[1,0,1,1,1,0,1,0,1,1,1,0,1,1,1,1,1,0,0,1],[1,0,0,0,0,0,1,0,1,0,0,0,1,0,0,0,1,0,0,1],[1,1,1,0,1,1,1,0,1,0,1,1,1,0,1,0,1,0,0,1],[1,0,1,0,1,0,0,0,1,0,1,0,0,0,1,0,0,0,0,1],[1,0,1,0,1,1,1,1,1,0,1,0,1,0,1,1,1,0,0,1],[1,0,1,0,0,0,0,0,1,0,1,0,1,0,0,0,1,0,0,1],[1,0,1,1,1,1,1,0,1,0,1,1,1,0,1,0,1,1,1,1],[1,0,0,0,0,0,1,0,1,0,0,0,1,0,1,0,0,0,0,0],[1,1,1,0,1,1,1,0,1,1,1,0,1,1,1,1,1,0,0,1],[0,0,0,0,1,0,1,0,0,0,0,0,0,0,0,0,1,0,0,1],[1,1,1,1,1,0,1,0,1,1,1,1,1,1,1,1,1,0,0,1],[1,0,0,0,0,0,0,0,1,0,0,0,0,0,0,0,0,0,0,1],[1,1,1,1,1,1,1,1,1,0,1,1,1,0,1,1,1,1,1,1],[1,0,0,0,0,0,0,0,0,0,1,0,1,0,1,0,0,0,0,1],[1,1,1,0,1,1,1,0,1,1,1,0,1,0,1,1,1,0,0,1],[0,0,1,0,1,0,1,0,1,0,0,0,1,0,0,0,1,0,0,1],[0,0,1,0,1,0,1,0,1,0,0,0,1,0,0,0,1,0,0,1],[1,1,1,1,1,0,1,1,1,0,1,1,1,1,1,1,1,0,0,1]],"goal":[19,19],"start":[0,0],"ts":"20:03:33"}