{"algo":"PSO","maze_idx":16,"n_mazes":125,"episode":621,"episodes_total":5000,"plan_means":[0.19891989161022788,0.20777728230744943,0.28326517897562703,0.3475773284856622,0.22762255720341346,0.2534886644128315,0.27791747009235857,0.3172056560125075,0.28758503323233026,0.33818725960165563,0.28012064686324384,0.1408625534610502,0.12099636364758269,0.11959041555823172,0.25953844963241113,0.12371017106184212,0.0027174057091821284,0.11427585529351024,0.11154591003926605,0.05850215708386893,0.6103424496343273,0.5050030176481828,0.3233189256672086,0.3400711944775766,0.1969795089025979,0.3698862190391105,0.18040751408093214,0.12150532947638795,0.21661031822523194,0.07837901527168491,0.012459935023313785,0.00043944580788022166,0.0,0.02936946277820582,0.0,0.21985419375626378,0.0002315022909805525,0.0,0.0,0.0,0.00011830462912933132,0.0,0.0,0.0,0.0,0.0,0.0,0.0,0.0,0.0,0.0,0.0,0.0,0.0,0.0,0.0,0.0,0.0,0.0,0.0,0.6073301651972535,0.5493113617782487,0.2963487213575291,0.31733098884769784,0.1697559939867231,0.043721670459710725,0.07271964729219695,0.15329521145268146,8.904940179315218e-06,0.25960137141197526,3.2704723193780235e-05,0.0,0.0998829128605376,0.10686711218602025,0.11257695272470174,0.0,0.0,1.486075189603369e-06,0.0,0.0,0.0,0.0,0.0,1.486075189603369e-06,0.0,0.0,0.0,0.0,0.0,0.0,0.0,0.0,0.0,0.0,0.0,0.0,0.0,0.0,0.0,0.0,0.6568415250743391,0.5495166124406629,0.5865614576825479,0.2774636678960455,0.3771382817570075,0.26431605538705105,0.4473509702107671,0.42183446240580474,0.21723285774011655,0.19244115000386128,0.08777410095333386,0.25051631355082965,0.12678947661136125,0.09603040316395393,0.04652937685699436,0.22839353129988757,0.2756971601230842,0.21813608462685283,0.3366460920528372,0.24189432556494478,0.28972457783544614,0.2732198959105758,0.16462068874404082,0.2828630041350164,0.24690970512014956,0.30895930294030927,0.35496904058177664,0.33328406635340563,0.3074660894413222,0.2442498117241024,0.24463541108470563,0.16817618251171676,0.1367193946233324,0.22835081333497087,0.21850425302358278,0.012760761377595705,5.145185232873919e-05,4.4820091242001504e-05,4.980572977524737e-05,9.328578122517347e-05,0.5925672785958496,0.5133535575352264,0.48136550479432566,0.3800120104098331,0.3226879720257266,0.336169974324518,0.3374935608409014,0.20720131743547496,0.37806945857926727,0.46624064197526754,0.21051794429576395,0.373829342227336,0.23446845144954478,0.16052969897601596,0.16813819903747484,0.4207781569557487,0.12963892911534322,0.27147885926234633,0.21836438201813785,0.1486092908321856,0.23096501299566208,0.23497972573915576,0.3730850809012579,0.40308170502616647,0.1863892570673881,0.35288348335650743,0.3135979599896727,0.2857934593406678,0.42337065253693246,0.42796894341665825,0.32573856611175284,0.2987476202966413,0.2339165348497192,0.30264533189525195,0.16810224422104897,0.25819233144994314,0.15101773748857195,0.17689382012318952,0.11134976048938161,0.08765549301385797,0.4923223375279247,0.43507765161965506,0.12712021885317823,0.5598208599277043,0.12015013088378519,0.34295416395871486,0.4318921745457536,0.17666182922177334,0.13003269865322176,0.10341577956349078,0.21373334552709142,0.3722152082760188,0.272830833104097,0.24317486871364213,0.18910380879391522,0.28490421912572866,0.2871548365760985,0.41611602173213186,0.23319878142967246,0.1288743629845499,0.3629204891384378,0.2558052095074028,0.3166906759900263,0.12320719337442718,0.20802178213847147,0.33595042156448696,0.2883464941343999,0.38216511129027225,0.16964538787465108,0.20529711014413202,0.3408121072574352,0.16745821524078108,0.1099027250234573,0.15072702332702964,0.1577034278177148,0.08615391958837139,0.009163237516637376,7.603402580195062e-06,1.3305954515341359e-05,0.0,0.5834309684634542,0.36193543994030686,0.3525419228521498,0.16904285874838368,0.34701954269531593,0.09183841591779024,0.20824340185188667,0.13109737365306182,0.22236846725176362,0.2182314966961963,0.0973491895334254,0.3428568768400664,0.1606544908452248,0.19251727212953745,0.1590617964264025,0.43587757745271544,0.11661175869924409,0.19526098087124177,0.034709565689714485,0.18942155653719178,0.3664509455831875,0.24730983932345968,0.27988936145554416,0.19372485074363735,0.18926509760538396,0.20967547594261926,0.1418677323103798,0.205455266306461,0.23598449689727855,0.12018570542260161,0.00014174777626759177,0.0,0.0,0.0,0.0,0.0,0.0,0.0,0.0,0.0,0.5094590052856656,0.5708300610389145,0.36658139363601955,0.35150988485630574,0.214401508858161,0.16561057691656386,0.14413917272625965,0.027508443903232434,0.011233688316240742,0.23422962690108906,0.011030125012974236,0.0006332164402725846,0.029485635049897208,0.004307298434285503,0.0,0.0,0.0,0.0,0.0,0.0,0.0,0.0,0.0,0.0,0.0,0.0,0.0,0.0,0.0,0.0,0.0,0.0,0.0,0.0,0.0,0.0,0.0,0.0,0.0,0.0,0.47322068151559654,0.5665103912138635,0.35111364826007146,0.33690684779668756,0.32234590948871744,0.37070875074522175,0.2514539795186944,0.26389889495907953,0.07054269304219779,0.14344644481191204,0.0984884565689477,0.1934931705083574,0.24142078265454484,0.3386467231634095,0.17398263036602563,0.3346859236821546,0.4582645798632758,0.3171125056049682,0.23327181687808274,0.39819347155755924,0.22184542321725614,0.26987970456183424,0.2578196253593556,0.43552428485722433,0.5250854892150004,0.4995983679438583,0.1597727160944405,0.29026238303585095,0.24607969526916287,0.28685264617180567,0.1837993856424267,0.19441600059192307,0.22004862185904767,0.2304754590205241,0.1856578494000478,0.10421651136526233,0.159204478782992,0.0567332950668845,0.07455083339640549,0.07115889296081561,0.5046910159888357,0.4011132111350321,0.26288037917398455,0.5106862501013011,0.3812119416433921,0.10825357620601125,0.06992285193683939,0.08330900601400996,0.26735554168033426,0.23416326365443438,0.4966829026522506,0.3049640583394483,0.28780591972056535,0.40505307778258187,0.011382984136971789,0.18222785586877166,0.06047790896418226,0.2215245681707577,0.26250977033312983,0.3633843040833888,0.2759160533023415,0.08419316117423492,0.23605525692415086,0.060422657839075085,0.26147807478560037,0.18277314662715974,0.2834876049627118,0.056990121605966136,0.00013354641431852872,0.1237010805501859,0.13515121675959724,0.16759976786277,0.16786242671764523,0.1157209290157073,0.012708551249849112,0.0,0.0,0.0,0.0,0.0,0.6727752061237526,0.31606082284219167,0.5425430521885342,0.23062971888279385,0.23540984132492132,0.2455476011706402,0.3967140306320932,0.2576799447211448,0.05307655095774941,0.008442753190246432,0.03411215584111707,0.1264960980427588,0.0023664134304006252,0.0004703105048559845,0.14391376043102203,0.06420097339444321,0.22499580343722944,0.15526213347052295,0.051566618804301224,0.07486043834000812],"train_successes":[1,1,1,1,1,1,1,1,1,1,1,1,1,1,1,1,0,1,0,0,0,1,0,1,0,1,0,1,1,1,0,0,0,0,0,1,0,0,0,0,0,0,0,0,0,0,0,0,0,0,0,0,0,0,0,0,0,0,0,0,1,1,0,0,0,0,0,1,0,0,0,0,0,1,1,0,0,0,0,0,0,0,0,0,0,0,0,0,0,0,0,0,0,0,0,0,0,0,0,0,1,0,1,0,0,0,1,1,0,0,0,1,1,0,0,1,1,1,1,1,1,1,1,1,1,1,1,1,1,1,1,1,1,1,1,0,0,0,0,0,0,0,1,1,1,0,1,0,1,1,1,1,0,1,1,1,0,1,1,0,1,1,1,1,0,1,1,1,1,1,1,1,1,1,1,1,1,0,0,0,1,0,0,0,0,0,1,1,0,1,1,0,0,1,0,1,1,1,1,0,1,1,1,0,1,1,1,1,1,1,1,1,1,1,1,1,0,0,0,0,0,0,1,1,1,0,1,1,1,1,0,1,1,1,1,1,1,1,0,1,1,1,1,1,1,1,1,1,1,1,0,0,0,0,0,0,0,0,0,0,0,0,0,0,0,0,0,0,0,0,0,0,0,0,0,0,0,0,0,0,0,0,0,0,0,0,0,0,0,0,0,0,0,0,0,0,0,0,0,0,0,0,0,0,0,1,0,1,0,1,0,1,1,1,0,1,1,1,1,1,1,1,1,1,1,1,1,1,1,1,1,1,1,1,1,1,1,0,0,0,0,0,0,0,0,0,0,0,1,0,1,0,1,1,0,0,0,1,1,1,1,1,1,1,1,1,1,1,0,1,1,1,1,1,0,0,0,0,0,0,0,0,0,0,0,0,1,0,0,0,0,0,0,0,1,0,1,1,1,0],