{"algo":"DE","maze_idx":30,"n_mazes":41,"episode":293,"episodes_total":410,"plan_means":[0.0,0.0,0.0,0.0,0.0,0.0,0.0,0.0,0.0,0.0,0.020034176483206555,0.0066333539216058,0.2052749013340364,0.22379516149315926,0.2667819905077181,0.3178235771477631,0.3758899716471971,0.4714095594854511,0.5628522647314965,0.9750676503822151,0.38518346894104816,0.1395236071475872,0.2970744984037855,0.33904959550267666,0.3918458362322606,0.4077289964370233,0.4054121293850398,0.4437824379101213,0.6796500104822261,0.9280769594287558,0.19028534035773742,0.1181460155375856,0.039176411183488406,0.35193492279762123,0.4266441057161569,0.27832662492964577,0.39912388531787824,0.5251884626823358,0.3765092315719141,0.35366452168349277,0.4462347630189387,0.28145625430646387,0.3419898525649967,0.23815103339579868,0.22398126567533605,0.20910049430100508,0.2200312235124799,0.06424631051354966,0.22214421172410767,0.013937528543690368,0.36226234191199297,0.14643293802185686,0.47605531666785644,0.27861823476872727,0.2950256458829521,0.39425441006588546,0.3752178753747147,0.3243978664262752,0.27577669173004915,0.9551430003257008,0.1993744792569786,0.13542301141987886,0.10332511121262573,0.27907824932895603,0.38730600598005044,0.3120105847947083,0.45297447213502473,0.3698974872412132,0.33457679476749785,0.6230156629098849,0.6069480707460789,0.34123040725606824,0.33201726070474985,0.3346055775730243,0.31089365524918156,0.4296962650924287,0.3578629143370014,0.37041133117475844,0.41812006197233564,0.3746484184307271,0.23160197366440866,0.44321463756301843,0.3541956548873461,0.21072358098869373,0.2905622271101572,0.26545581032874793,0.18358531628340932,0.49032211589825647,0.2694542186123574,0.8430234891282941,0.20983282944148085,0.24724944528297946,0.1931932668406587,0.18535036228005616,0.10977458878619319,0.49586666278991504,0.34466949789061646,0.29640045919361846,0.405959826929212,0.05621892732015906,0.21832250119526594,0.38059553972853144,0.3597222346636164,0.3090100165154734,0.16007120627712199,0.0759144977612357,0.32973006895192325,0.409311449660442,0.19439015560543985,0.12679305005926422,0.4277866639638807,0.4149637603068667,0.2806345705420683,0.17822003469653322,0.09448120426033095,0.029434551828338863,6.859667276343795e-08,0.0,0.0,0.0,0.1573099560054387,0.06662651543044863,0.08166547038901435,0.0078107066020222885,0.002101517397933271,1.491245315509182e-06,0.0,0.0,0.0,0.0,0.3687358359090371,0.5290484768315977,0.5014405833200399,0.4411692730998179,0.393867904271803,0.2527598191693344,0.26790267487562847,0.35356291811501767,0.41666428282986934,0.14905300179850062,0.1784884087254481,0.08651561736161734,0.018864121716564857,0.0061439756020700564,0.18948649505619103,0.3001358775426108,0.3087658005771845,0.0003609792954559092,0.00013508652620787513,1.917897228079357e-05,0.30378656211392663,0.37047584122763144,0.3535911517670139,0.3327819060319067,0.3217240616101435,0.18977402059599108,0.1833367282168291,0.29908746269549163,0.19306487493903854,0.1929610373941535,0.15745086334683644,0.45962060531694765,0.340095340284265,0.29087352016063,0.340113880852748,0.24656796659185154,0.30733999426177927,0.3077097919683293,0.26155263555027647,0.3412041151599561,0.16350544409308373,0.297438247343683,0.17875019480115933,0.39724772535024533,0.33915188965321486,0.15724255450992647,0.13473247919634893,0.14829425556922918,3.155132443249572e-05,0.0,0.43687414319730633,0.28180696505758424,0.26492301048919076,0.32502936330977045,0.2763242337510887,0.25222178546963403,0.34717551475016384,0.31778611020624364,0.2694960995480144,0.2701917602013911,0.28256807336698425,0.21571045293578417,0.27201756380864317,0.42734672756293474,0.32175100628848397,0.2348460419530675,0.1612583372851796,0.2256520968388522,0.30256022004115185,0.35690153138880537,0.17105698853506138,0.19682853212862092,0.20642086151920785,0.2922763699249137,0.19761623422454236,0.40036780896391155,0.31440259822090405,0.29678601193555976,0.15011992598854967,0.15872380843378003,0.16455242887083987,0.25820798644257864,0.13298349245050825,0.3020586152322871,0.27255960338245866,0.17261919865824016,0.20061760457868205,0.24680678047183052,0.2545547121901983,0.09833939056126476,0.31624753017261426,0.4318364735674031,0.2110588977597722,0.17388781874078507,0.26724805714329325,0.44972856517779447,0.23260383862562267,0.11282089402468898,0.2324182716783251,0.0,0.3312009391975469,0.2784192527928682,0.16490626833051855,0.31237236921726513,0.12439555874477216,0.0682986138866431,0.06120794512156334,0.3204754071499899,0.0,0.0,0.2884858266162825,0.4309267730967049,0.2949822236468224,0.4135960405105687,0.34124297970089285,0.5443339983127629,0.3385529668939333,0.4189139040051594,0.23451695974740125,0.4073836852140923,0.21635250730363542,0.20282749440977557,0.2997218414653549,0.1905485565511078,0.15626477103912165,0.1906748754667971,0.3607530978019053,0.004429347292748047,0.0,0.0,0.5643901711420025,0.2944399208059534,0.20863877379745718,0.16325293488380874,0.15661034964074833,0.21703497102560443,0.27579775415830443,0.21870800262563425,0.24803737336794776,0.09083523524320383,0.45294094828685655,0.4383246362117397,0.34284686119694663,0.37404206943966917,0.21647670560647939,0.25993889929801095,0.21539898167399021,0.14986519326857595,0.31118564478986815,0.17446048493115612,0.22724362920101648,0.5011095361043109,0.1760733888888413,0.33549810816843595,0.358434391367188,0.306337729401627,0.2973743601554203,0.26638635049844683,0.20677520676166583,0.21188358649921799,0.33853932287478605,0.2245662033390356],"train_successes":[0,0,0,0,0,0,0,0,0,0,0,0,1,1,1,1,1,1,1,0,0,0,1,1,1,1,1,1,1,0,0,0,0,1,1,1,1,1,1,1,0,0,0,0,1,0,1,0,1,0,1,0,0,0,1,1,1,1,1,0,0,0,0,0,1,1,1,1,1,1,1,0,1,1,1,1,1,1,1,1,0,0,0,0,0,1,1,1,1,0,0,0,0,0,0,0,1,1,1,0,0,0,0,0,0,0,1,1,1,0,0,0,0,0,0,0,0,0,0,0,0,0,0,0,0,0,0,0,0,0,0,1,1,1,1,1,1,1,1,1,0,0,0,0,1,1,1,0,0,0,0,0,0,1,1,1,1,1,1,0,0,1,0,1,1,1,1,1,1,1,0,0,0,0,1,0,1,1,0,0,1,0,1,1,1,1,1,1,1,1,0,0,0,0,1,1,1,1,1,1,0,0,0,0,0,1,1,1,1,0,0,0,0,0,1,1,1,1,1,1,0,0,0,0,1,1,1,1,1,0,0,0,0,1,1,1,1,1,0,0,0,1,1,1,1,1,1,1,1,1,0,0,0,0,0,0,1,0,0,0,0,0,0,1,1,1,1,1,1,0,1,0,0,1,1,1,1,1,1,1,0,0,0,0,1,1,1,1,1,1,1,0],"train_steps":[5000,5000,5000,5000,5000,5000,5000,5000,5000,5000,5000,5000,3784,4090,2374,1235,249,238,136,5000,5000,5000,3812,3731,885,1140,512,231,559,5000,5000,5000,5000,4088,2260,1950,317,317,191,149,5000,5000,5000,5000,4341,5000,2099,5000,2505,5000,3684,5000,5000,5000,2588,2103,1084,1110,847,5000,5000,5000,5000,5000,2885,2999,828,563,713,1039,3894,5000,4844,3872,710,1592,344,205,128,92,5000,5000,5000,5000,5000,2219,3220,411,1157,5000,5000,5000,5000,5000,5000,5000,2301,822,2279,5000,5000,5000,5000,5000,5000,5000,2459,1176,1974,5000,5000,5000,5000,5000,5000,5000,5000,5000,5000,5000,5000,5000,5000,5000,5000,5000,5000,5000,5000,5000,5000,4349,4320,4213,1305,3090,500,378,166,1140,5000,5000,5000,5000,1084,861,1341,5000,5000,5000,5000,5000,5000,2192,4526,2720,1691,395,729,5000,5000,4458,5000,1875,1093,1139,386,325,446,348,5000,5000,5000,5000,3506,5000,3342,1218,5000,5000,2837,5000,4618,2503,925,4602,524,182,201,151,5000,5000,5000,5000,4348,3005,1699,795,577,152,5000,5000,5000,5000,5000,2410,1622,2318,1281,5000,5000,5000,5000,5000,2549,3124,653,390,250,746,5000,5000,5000,5000,1295,2325,699,1124,633,5000,5000,5000,5000,4281,4775,4361,2624,334,5000,5000,5000,4717,1791,1651,1975,787,360,164,242,80,5000,5000,5000,5000,5000,5000,2407,5000,5000,5000,5000,5000,5000,4451,1999,940,492,262,260,5000,3141,5000,5000,3536,2995,1487,1007,687,198,233,5000,5000,5000,5000,1989,2375,869,363,283,252,4492,5000],