{"algo":"ABC","seed":42,"maze_idx":19,"n_mazes":41,"v_grid":[[0.0,0.0,0.0,0.0,0.0,0.0,0.0,0.0,0.0,0.0,0.0,0.0,0.001439,0.0,9.2e-05,0.0,0.0,0.0,0.0,0.0],[0.0,0.0,0.0,0.0,5e-06,0.0,0.0,0.0,0.0,0.0,0.0,0.0,0.001254,0.000918,0.000327,0.0,0.0,0.0,0.0,0.0],[0.00796,0.009271,0.010041,0.010515,0.009311,0.005992,0.001468,0.004104,0.0,0.0,0.0,0.0,0.001348,0.001156,0.000629,0.0,0.0,0.16422,0.169588,0.0],[0.009349,0.0,0.0,0.0,0.0,0.0,0.0,0.0,0.0,0.0,0.0,0.0,0.005512,2.7e-05,0.030274,0.0,0.0,0.029261,0.0,0.0],[0.011108,0.014157,0.020235,0.022212,0.021815,0.019877,0.023729,0.017514,0.017524,0.014852,0.006314,0.001629,0.000845,0.001929,0.004941,0.10957,0.0,0.0,0.0,0.0],[0.005793,0.0,0.001413,0.0,0.156808,0.0,0.0,0.0,0.101907,0.0,0.010298,0.0,0.020717,0.0,0.002392,0.0,0.0,0.179874,0.0,0.271967],[0.010825,0.018654,0.019728,0.039177,0.06586,0.059662,0.068491,0.072146,0.018207,0.005587,0.00913,0.016578,0.015546,0.038583,0.009431,0.003043,0.012544,0.002557,0.013309,0.018417],[0.010533,0.0,0.130547,0.0,0.0,0.0,0.083291,0.0,0.0,0.0,0.001577,0.0,0.003849,0.0,0.099985,0.0,0.098447,0.002354,0.0,0.008549],[0.136523,0.0,0.212434,0.129313,0.148615,0.073366,0.045189,0.108056,0.0,0.0,0.036049,0.027848,0.01772,0.029014,0.02903,0.058653,0.049122,0.33342,0.313864,0.0],[0.17249,0.002553,0.163397,0.003006,0.185214,3e-06,0.0,0.006639,0.0,6e-06,0.078579,0.005079,0.032668,0.003241,0.02387,0.003587,0.048203,0.00827,0.009611,0.0],[0.190208,0.169364,0.160212,0.0,0.069558,0.208879,0.0,0.0,0.0,0.0,0.04882,0.040292,0.034696,0.024974,0.030515,0.033411,0.036466,0.010076,0.006692,0.0],[0.214645,0.0,0.141533,0.0,0.055821,0.0,0.0,0.007664,0.0,0.03025,0.0,0.0,0.079348,0.007373,0.048302,0.013208,0.107932,0.0,0.0,0.0],[0.237515,0.290421,0.218928,0.218004,0.111264,0.0,0.0,0.0,0.0,0.0,0.0,0.0,0.0,0.0,0.0,0.0,0.0,0.0,4.7e-05,0.0],[0.297383,0.0,0.051408,0.0,0.0,0.008376,0.0,0.0,0.0,0.031907,0.049565,0.04071,0.042685,0.024636,0.039954,0.0459,0.0,0.029444,0.0,0.862702],[0.433022,0.060647,0.07545,0.0,0.0,0.0,0.0,0.056279,0.0,0.052804,0.053592,0.217915,0.025962,0.036837,0.048109,0.724982,0.758457,0.775284,0.866009,0.870868],[0.173552,0.000636,0.269635,0.0,0.0,3.2e-05,0.048213,0.04595,0.0,0.055232,0.008499,0.058219,0.568712,0.05252,0.046615,0.05279,0.70962,0.052787,0.0,0.912859],[0.317822,0.416483,0.54871,0.072883,0.0,0.0,0.0,0.0,0.0,0.082999,0.022502,0.029106,0.027791,0.026719,0.023308,0.68252,0.716001,0.747403,0.867434,0.941057],[0.0296,5.7e-05,0.428184,0.0,0.069264,0.0,0.211705,0.025622,0.04364,0.067059,0.483453,0.04907,0.036675,0.0,0.016764,0.0,0.759481,0.0,0.0,0.966764],[0.041625,0.0,0.431441,0.0,0.069225,0.0,0.216978,0.0,0.054235,0.0,0.484489,0.0,0.034757,0.450015,0.017403,0.513872,0.711185,0.0,0.0,0.977734],[0.042343,0.33196,0.509171,0.519356,0.632594,0.55791,0.435238,0.662641,0.699106,0.740329,0.718742,0.731789,0.746731,0.811998,0.891811,0.887116,0.900779,1.0,0.8366,0.0]],"free_grid":[[1,1,1,1,1,1,1,1,1,1,1,1,1,0,1,1,1,1,1,1],[0,0,0,0,0,0,0,0,0,0,1,0,1,0,1,0,0,0,0,1],[1,1,1,1,1,1,1,1,1,1,1,0,1,1,1,0,1,0,0,1],[1,0,0,0,0,0,0,0,0,0,0,0,0,0,0,0,1,0,0,1],[1,1,1,1,1,1,1,1,1,1,1,1,1,1,1,0,1,1,1,1],[1,0,0,0,0,0,0,0,0,0,0,0,0,0,1,0,0,0,0,0],[1,1,1,1,1,1,1,1,1,1,1,1,1,0,1,1,1,1,1,1],[0,0,0,0,0,0,1,0,0,0,0,0,1,0,0,0,0,0,0,1],[1,0,1,1,1,1,1,0,1,0,1,0,1,1,1,0,1,0,0,1],[1,0,1,0,0,0,0,0,1,0,1,0,0,0,1,0,1,0,0,1],[1,0,1,0,1,0,1,1,1,0,1,1,1,1,1,1,1,0,0,1],[1,0,1,0,1,0,1,0,0,0,0,0,0,0,0,0,0,0,0,1],[1,1,1,1,1,0,1,0,1,1,1,1,1,1,1,1,1,1,1,1],[1,0,0,0,0,0,1,0,1,0,0,0,0,0,0,0,0,0,0,0],[1,0,1,0,1,1,1,0,1,0,1,1,1,0,1,1,1,1,1,1],[1,0,1,0,1,0,0,0,1,0,1,0,0,0,1,0,1,0,0,0],[1,1,1,0,1,1,1,1,1,0,1,1,1,1,1,0,1,1,1,1],[0,0,1,0,0,0,0,0,0,0,0,0,0,0,0,0,0,0,0,1],[0,0,1,0,0,0,0,0,0,0,0,0,0,0,0,0,0,0,0,1],[1,1,1,1,1,1,1,1,1,1,1,1,1,1,1,1,1,1,1,1]],"goal":[19,19],"start":[0,0],"ts":"2026-07-13 20:00:53"}