{"algo":"DE","seed":42,"maze_idx":29,"n_mazes":41,"v_grid":[[0.01672,0.017974,0.018605,0.006562,0.009587,0.07074,0.077234,0.084763,0.096891,0.103128,0.102886,0.098293,0.100548,0.130153,0.178788,0.110448,0.108604,0.109728,0.104799,0.123224],[1.6e-05,0.0,0.028758,0.044403,0.009652,0.002374,0.081879,0.001209,0.101142,0.008829,0.094279,0.020373,0.458422,0.020018,0.160304,0.034636,0.134784,0.054488,0.0,0.141873],[0.042695,3.2e-05,0.030172,0.036996,0.039959,0.022187,0.024917,0.023818,0.028348,0.074562,0.098163,0.057054,0.082353,0.085374,0.178385,0.102073,0.210781,0.227831,0.250265,0.254868],[0.038958,0.0,0.030252,0.126441,0.03653,0.005248,0.0,0.118723,0.038543,0.215022,0.101729,0.025621,0.076539,0.021645,0.191914,0.022898,0.212033,0.077145,0.270855,0.223853],[0.039399,0.050907,0.057999,0.050467,0.039528,0.061676,0.075288,0.080883,0.034805,0.082951,0.102645,0.062931,0.073422,0.337169,0.200148,0.206704,0.226717,0.559018,0.594602,0.257049],[0.0,0.152169,0.056002,0.170724,0.041685,0.010326,0.068795,0.128241,0.039354,0.365974,0.189926,0.025298,0.070907,0.076722,0.20687,0.029216,0.595874,0.537189,0.029177,0.275627],[0.079887,0.070685,0.070295,0.0,0.047685,0.108565,0.065885,0.051004,0.043519,0.054273,0.164769,0.169285,0.169956,0.18356,0.215097,0.204174,0.228583,0.264193,0.264397,0.278503],[0.066906,0.069412,0.04689,0.177968,0.048381,0.141775,0.064581,0.023718,0.258567,0.292023,0.160292,0.047236,0.17058,0.352205,0.242071,0.197621,0.22214,0.04217,0.229809,0.300418],[0.068459,0.062403,0.061255,0.058451,0.052743,0.052193,0.168039,0.164847,0.144552,0.161099,0.153017,0.398504,0.190972,0.201126,0.209688,0.244425,0.221362,0.264684,0.267499,0.303858],[0.065648,0.036787,0.025454,0.212489,0.312273,0.14235,0.160768,0.054761,0.080542,0.026302,0.0,0.056225,0.423927,0.053436,0.212869,0.038128,0.220809,0.038739,0.035789,0.305364],[0.070789,0.073361,0.079322,0.083477,0.087351,0.09001,0.150894,0.147115,0.155061,0.0,0.586424,0.54957,0.559953,0.480284,0.212855,0.21598,0.219782,0.514751,0.539995,0.323234],[0.003759,0.324449,0.049717,0.04081,0.088873,0.107988,0.139505,0.270487,0.150681,0.304851,0.597524,0.042707,0.172554,0.038632,0.052773,0.042976,0.709152,0.627333,0.564382,0.340343],[0.094468,0.098149,0.095276,0.089946,0.093668,0.025837,0.151834,0.219394,0.138045,0.186889,0.650006,0.041378,0.609572,0.600538,0.564518,0.52257,0.510777,0.637118,0.622766,0.349589],[0.103261,0.051459,0.017646,0.043983,0.368208,0.262232,0.258648,0.200832,0.138139,0.314608,0.694856,0.313137,0.629632,0.340912,0.51204,0.397171,0.683639,0.373545,0.677548,0.374892],[0.10443,0.165166,0.119716,0.119638,0.118697,0.122065,0.1261,0.119524,0.124565,0.522757,0.685542,0.475107,0.64347,0.450674,0.509756,0.426576,0.431234,0.402911,0.39371,0.38284],[0.107424,0.24986,0.028457,0.19161,0.116797,0.259555,0.004436,0.652642,0.559379,0.58433,0.711607,0.463105,0.673316,0.453055,0.503088,0.429437,0.433855,0.371984,0.807967,0.904465],[0.111016,0.113851,0.115618,0.117249,0.117925,0.401127,0.63191,0.70815,0.838593,0.603853,0.753632,0.695425,0.675645,0.796623,0.493347,0.469698,0.456027,0.932543,0.942284,0.971023],[0.014103,0.28676,0.581046,0.182977,0.383628,0.663134,0.49854,0.074363,0.679904,0.549002,0.771372,0.482358,0.669283,0.131568,0.804022,0.130295,0.93188,0.89396,0.95807,0.981156],[0.019502,0.0,0.570457,0.626336,0.375418,0.0,0.49129,0.541268,0.774682,0.189658,0.8274,0.82584,0.733562,0.890892,0.795011,0.897183,0.944325,0.842327,0.0,0.991305],[0.008385,0.013257,0.472426,0.648965,0.730423,0.633841,0.666902,0.65153,0.796989,0.80377,0.850799,0.865583,0.903894,0.914112,0.94148,0.960189,0.974627,0.976212,0.995572,0.0]],"free_grid":[[1,1,1,0,1,1,1,1,1,1,1,1,1,1,1,1,1,1,1,1],[0,0,1,0,0,0,1,0,0,0,0,0,0,0,1,0,0,0,0,0],[1,0,1,1,1,0,1,0,1,1,1,1,1,0,1,0,1,1,1,1],[1,0,0,0,1,0,1,0,0,0,1,0,1,0,1,0,1,0,0,1],[1,1,1,0,1,0,1,0,1,1,1,0,1,0,1,1,1,0,0,1],[0,0,1,0,1,0,1,0,1,0,0,0,0,0,1,0,0,0,0,1],[1,1,1,0,1,0,1,1,1,0,1,1,1,0,1,0,1,1,1,1],[1,0,0,0,1,0,0,0,0,0,1,0,1,0,0,0,1,0,0,1],[1,1,1,1,1,0,1,1,1,1,1,0,1,1,1,0,1,0,0,1],[1,0,0,0,0,0,1,0,0,0,0,0,0,0,1,0,1,0,0,1],[1,1,1,1,1,0,1,1,1,0,1,1,1,0,1,1,1,0,0,1],[0,0,0,0,1,0,1,0,1,0,1,0,0,0,0,0,0,0,0,1],[1,1,1,1,1,0,1,0,1,0,1,0,1,1,1,1,1,0,0,1],[1,0,0,0,0,0,0,0,1,0,1,0,1,0,1,0,0,0,0,1],[1,0,1,1,1,1,1,1,1,0,1,0,1,0,1,0,1,1,1,1],[1,0,0,0,1,0,0,0,0,0,1,0,1,0,1,0,1,0,0,0],[1,1,1,1,1,0,1,1,1,0,1,1,1,0,1,1,1,0,0,1],[0,0,0,0,0,0,1,0,1,0,1,0,0,0,0,0,0,0,0,1],[0,0,0,0,0,0,1,0,1,0,1,0,0,0,0,0,0,0,0,1],[1,1,1,1,1,1,1,0,1,1,1,1,1,1,1,1,1,1,1,1]],"goal":[19,19],"start":[0,0],"ts":"2026-07-13 20:02:10"}