{"algo":"GA","seed":42,"maze_idx":33,"n_mazes":41,"v_grid":[[0.041448,0.042739,0.045708,0.052955,0.056404,0.062444,0.063808,0.076312,0.065839,0.072201,0.058732,0.279545,0.287267,0.29177,0.293172,0.297674,0.284679,0.304609,0.028917,0.245875],[0.046793,0.0,0.002626,0.0,0.019133,0.075144,0.067575,0.113759,0.035671,0.068504,0.079757,0.263318,0.48569,0.093703,0.153324,0.320311,0.179803,0.277261,0.0,0.271073],[0.049802,0.063743,0.082679,0.082956,0.087092,0.076632,0.072969,0.089165,0.092215,0.070934,0.071902,0.253492,0.239143,0.235329,0.111367,0.322753,0.219178,0.2757,0.263218,0.25644],[0.053056,0.083875,0.064443,0.079129,0.087099,0.08312,0.08632,0.079002,0.019037,0.075733,0.115319,0.042719,0.101613,0.227476,0.195755,0.325262,0.252061,0.220884,0.0,0.252],[0.057437,0.060467,0.062981,0.273309,0.0931,0.239939,0.055478,0.060482,0.065047,0.069122,0.324559,0.041642,0.352248,0.220771,0.265525,0.339986,0.343793,0.361158,0.384043,0.386166],[0.057971,0.0,0.0,0.111705,0.096506,0.006657,0.019542,0.023958,0.07508,0.067935,0.355083,0.04731,0.038499,0.22012,0.295787,0.122553,0.233606,0.629306,0.035659,0.393701],[0.051886,0.057013,0.050136,0.11355,0.096232,0.105623,0.109275,0.017328,0.381578,0.059548,0.058799,0.052576,0.317132,0.194681,0.20293,0.204061,0.269123,0.3866,0.376464,0.403303],[0.10178,0.113009,0.047751,0.131556,0.241693,0.029016,0.110088,0.021258,0.027107,0.026772,0.016982,0.015335,0.181731,0.195119,0.262531,0.136652,0.256483,0.357706,0.039852,0.416644],[0.046236,0.040349,0.041161,0.133446,0.03154,0.037555,0.11543,0.106375,0.407414,0.171121,0.175549,0.178705,0.176631,0.192424,0.196272,0.354508,0.393313,0.36329,0.308891,0.418707],[0.040139,0.159053,0.135547,0.131861,0.046745,0.031746,0.123481,0.04281,0.037089,0.159183,0.039358,0.026477,0.027764,0.042717,0.194589,0.36014,0.237713,0.140754,0.148669,0.419914],[0.037015,0.0415,0.03846,0.412357,0.029704,0.051262,0.132814,0.145764,0.146733,0.148549,0.141083,0.141279,0.661316,0.330011,0.32356,0.314757,0.230745,0.515353,0.440564,0.435203],[0.179716,0.178306,0.032913,0.200248,0.031002,0.204409,0.083268,0.61219,0.597741,0.639609,0.641579,0.652923,0.611037,0.338754,0.702207,0.124729,0.864964,0.506423,0.510087,0.932837],[0.034669,0.028319,0.035515,0.044048,0.019609,0.228326,0.037971,0.043106,0.045431,0.048641,0.593729,0.31976,0.300822,0.327397,0.760944,0.644515,0.773972,0.511489,0.532155,0.53885],[0.031389,0.260731,0.272141,0.234712,0.038557,0.233115,0.038651,0.573621,0.08527,0.319505,0.698316,0.332849,0.745584,0.757133,0.751608,0.655787,0.803389,0.822348,0.882334,0.559213],[0.033864,0.033239,0.031084,0.030447,0.039262,0.038318,0.036181,0.56477,0.080785,0.347121,0.350901,0.324925,0.670352,0.475439,0.55975,0.677613,0.641062,0.597954,0.582037,0.577135],[0.025556,0.245301,0.228953,0.221968,0.483791,0.269771,0.015836,0.52471,0.545637,0.391438,0.745306,0.488648,0.688409,0.505178,0.512983,0.68128,0.840269,0.437089,0.76489,0.948152],[0.035928,0.041615,0.035648,0.032426,0.028327,0.265191,0.423904,0.377438,0.406573,0.414676,0.741002,0.716624,0.662657,0.73476,0.493787,0.684821,0.839932,0.909747,0.946739,0.974211],[0.31945,0.315457,0.312475,0.305102,0.30289,0.284785,0.437963,0.505972,0.630544,0.652412,0.776207,0.563766,0.63817,0.51239,0.816847,0.718291,0.907862,0.865353,0.0,0.978995],[0.350216,0.0,0.405983,0.474848,0.377052,0.536406,0.4583,0.472735,0.765616,0.705082,0.788536,0.81879,0.707352,0.725962,0.80483,0.746972,0.949443,0.837556,0.0,0.99204],[0.401548,0.379656,0.412897,0.389713,0.440134,0.446862,0.434796,0.462889,0.767766,0.723943,0.737351,0.74733,0.770843,0.744827,0.690511,0.761331,0.803371,0.827333,0.994508,0.0]],"free_grid":[[1,1,1,1,1,1,1,0,0,1,0,1,1,1,1,1,1,1,0,1],[1,0,0,0,0,0,1,0,0,1,0,1,0,0,0,1,0,1,0,1],[1,0,1,1,1,0,1,1,1,1,0,1,1,1,0,1,0,1,1,1],[1,0,1,0,1,0,0,0,0,1,0,0,0,1,0,1,0,0,0,0],[1,1,1,0,1,0,1,1,1,1,0,1,0,1,0,1,1,1,1,1],[1,0,0,0,1,0,0,0,0,1,0,1,0,1,0,0,0,0,0,1],[1,1,1,0,1,1,1,0,0,1,1,1,0,1,1,1,0,1,1,1],[0,0,1,0,0,0,1,0,0,0,0,0,0,1,0,0,0,1,0,1],[1,1,1,0,1,0,1,0,0,1,1,1,1,1,0,1,1,1,0,1],[1,0,0,0,1,0,1,0,0,1,0,0,0,0,0,1,0,0,0,1],[1,1,1,0,1,0,1,1,1,1,1,1,0,1,1,1,0,1,1,1],[0,0,1,0,1,0,0,0,0,0,0,0,0,1,0,0,0,1,0,0],[1,0,1,1,1,0,1,1,1,1,0,1,1,1,0,1,0,1,1,1],[1,0,0,0,1,0,1,0,0,0,0,1,0,0,0,1,0,0,0,1],[1,1,1,1,1,1,1,0,0,1,1,1,0,1,0,1,1,1,1,1],[1,0,0,0,0,0,0,0,0,1,0,0,0,1,0,1,0,0,0,0],[1,1,1,1,1,0,1,1,1,1,0,1,1,1,0,1,0,1,1,1],[0,0,0,0,0,0,1,0,0,0,0,1,0,1,0,1,0,1,0,1],[0,0,0,0,0,0,1,0,0,0,0,1,0,1,0,1,0,1,0,1],[1,1,1,1,1,1,1,0,0,1,1,1,0,1,1,1,1,1,0,1]],"goal":[19,19],"start":[0,0],"ts":"2026-07-13 20:03:31"}