{"algo":"TDL","seed":42,"maze_idx":105,"n_mazes":125,"v_grid":[[0.0,0.0,0.0,0.0,0.0,0.0,0.0,0.0,0.0,0.0,0.0,0.0,0.0,0.0,0.0,0.0,0.0,0.0,0.0,0.0],[0.0,0.0,0.0,0.0,0.0,0.0,0.0,0.0,0.0,0.0,0.0,0.0,0.0,0.0,0.0,0.0,0.0,0.0,0.0,0.0],[0.0,0.0,0.0,0.0,0.0,0.0,0.0,0.0,0.0,0.0,0.0,0.0,0.0,0.0,0.0,0.0,0.0,0.0,0.0,0.0],[0.0,0.0,0.0,0.0,0.0,0.0,0.0,0.0,0.0,0.0,0.0,0.0,0.0,0.0,0.0,0.0,0.0,0.0,0.0,0.0],[0.0,0.0,0.0,0.0,0.0,0.0,0.0,0.0,0.0,0.0,0.0,0.0,0.0,0.0,0.0,0.0,0.0,0.0,0.0,0.0],[0.0,0.0,0.0,0.0,0.0,0.0,0.0,0.0,0.0,0.0,0.0,0.0,0.0,0.0,0.0,0.0,0.0,0.0,0.0,0.0],[0.0,0.0,0.0,0.0,0.0,0.0,0.0,0.0,0.0,0.0,0.0,0.0,0.0,0.0,0.0,0.0,0.0,0.0,0.0,0.0],[0.0,0.0,0.0,0.0,0.0,0.0,0.0,0.0,0.0,0.0,0.0,0.0,0.0,0.0,0.0,0.0,0.0,0.0,0.0,0.0],[0.0,0.0,0.0,0.0,0.0,0.0,0.0,0.0,0.0,0.0,0.0,0.0,0.0,0.0,0.0,0.0,0.0,0.0,0.0,0.0],[0.0,0.0,0.0,0.0,0.0,0.0,0.0,0.0,0.0,0.0,0.0,0.0,0.0,0.0,0.0,0.0,0.0,0.0,6e-06,0.0],[0.0,0.0,0.0,0.0,0.0,0.0,0.0,0.0,0.0,0.0,0.0,0.0,0.0,0.0,0.0,0.0,0.0,0.0,0.0,0.0],[0.0,0.0,0.0,0.0,0.0,0.0,0.0,0.0,0.0,0.0,0.0,0.0,0.0,0.0,0.0,0.0,1e-06,0.000199,0.000284,0.0],[0.0,0.0,0.0,0.0,0.0,0.0,0.0,0.0,0.0,0.0,0.0,3e-06,0.0,0.0,0.0,0.0,0.0,0.0,0.000288,0.0],[0.0,0.0,0.0,0.0,0.0,0.0,0.0,0.0,0.0,1e-06,1e-06,1.2e-05,0.0,0.0,0.0,0.0,0.0,0.0,0.0,0.0],[0.0,0.0,0.0,0.0,0.0,0.0,0.0,0.0,0.0,0.0,0.0,0.0,0.0,0.0,0.0,0.0,0.000577,0.010052,0.039594,0.113306],[0.0,0.0,0.0,0.0,0.0,0.0,0.0,0.0,0.0,0.0,0.0,0.0,0.0,0.0,0.0,0.005654,0.001659,0.020169,0.06894,0.137801],[0.0,0.0,0.0,0.0,0.0,0.0,0.0,0.0,0.0,0.0,0.0,0.0,4.1e-05,0.0,0.0,0.005483,0.025222,0.020183,0.02115,0.177829],[0.0,0.0,0.0,0.0,0.0,0.0,0.0,0.0,0.0,0.0,0.0,0.0,0.0,0.0,0.012155,0.009707,0.015773,0.016699,0.144321,0.170778],[0.0,0.0,0.0,0.0,0.0,0.0,0.0,0.0,0.0,0.0,0.0,5.5e-05,0.0,0.004076,0.02477,0.015996,0.112618,0.018884,0.0,0.653418],[0.0,0.0,0.0,0.0,0.0,0.0,0.0,0.0,0.0,0.0,2e-06,0.000396,0.001163,0.005773,0.011811,0.012689,0.01686,0.018852,0.678443,0.0]],"free_grid":[[1,1,1,1,1,0,1,1,1,1,1,1,1,0,1,1,1,1,1,1],[1,0,1,0,1,0,0,0,1,0,0,0,1,0,0,0,0,0,0,1],[1,0,1,0,1,1,1,1,1,0,1,1,1,1,1,1,1,1,1,1],[1,0,1,0,0,0,0,0,0,0,0,0,0,0,0,0,0,0,0,1],[1,0,1,0,0,0,0,0,0,0,0,0,0,0,0,0,0,0,0,1],[1,0,1,0,1,1,1,1,1,1,1,0,1,1,1,0,0,1,1,1],[1,0,1,0,1,0,0,0,0,0,1,0,1,0,1,0,0,0,0,1],[1,0,1,0,1,1,1,1,1,0,1,1,1,0,1,1,1,1,0,1],[1,0,1,0,0,0,1,0,0,0,1,0,0,0,0,0,0,1,0,1],[1,0,1,1,1,0,1,0,1,0,1,0,1,1,1,0,0,1,0,1],[1,0,1,0,0,0,1,0,1,0,1,0,1,0,1,0,0,1,0,1],[1,0,1,1,1,1,1,0,1,0,1,0,1,0,1,0,0,1,0,1],[0,0,0,0,0,0,0,0,1,0,1,0,0,0,1,0,0,1,0,1],[1,1,1,1,1,1,1,1,1,0,1,1,1,1,1,0,0,1,0,1],[1,0,0,0,0,0,0,0,0,0,0,0,0,0,0,0,0,1,0,0],[1,0,1,0,1,1,1,1,1,1,1,1,1,1,1,0,0,1,1,1],[1,0,1,0,1,0,0,0,1,0,0,0,0,0,1,0,0,0,0,1],[1,0,1,1,1,1,1,0,1,0,1,1,1,0,1,1,1,1,0,1],[1,0,0,0,0,0,0,0,1,0,1,0,0,0,0,0,0,1,0,1],[1,1,1,1,1,1,1,1,1,0,1,1,1,1,1,1,1,1,1,1]],"goal":[19,19],"start":[0,0],"ts":"2026-07-13 21:41:00"}